topic_id,date_utc,video_id,privacy,pillar,title,script_source
1,2026-09-23 13:36,D5uyEHgAfUQ,public,min_trap,"The minimum payment trap on $16,250 of credit card debt",template
2,2026-09-23 19:58,LLFf0PkJADA,public,extra_payment,"$13,000 credit card debt at 17% APR? Do this",gemini
3,2026-09-24 01:05,Sz-j0s6dV_8,public,snowball_vs_avalanche,I ran the math on 5 debts. Snowball vs Avalanche,gemini
4,2026-09-24 17:48,mrtdjODqPMw,public,utilization,"How much to pay to get under 30% utilization on a $4,000 card",gemini
5,2026-09-24 20:16,23iISRa_pFg,public,min_trap,"The minimum payment trap on $6,250 of credit card debt",gemini
6,2026-09-25 01:10,FVNoa5nlZ2c,public,extra_payment,"The $75 trick that saves months on $6,000 of debt",gemini
7,2026-09-25 18:02,N4iAy1rNWFk,public,snowball_vs_avalanche,"Debt Snowball vs Avalanche: the real numbers on $24,200",gemini
8,2026-09-26 13:27,LylPKxXSKy8,public,utilization,"How much to pay to get under 30% utilization on a $1,500 card",gemini
9,2026-09-26 17:20,RxJ9gBAlZEg,public,min_trap,"The minimum payment trap on $21,750 of credit card debt",gemini
10,2026-09-26 22:27,oDFunQJNwRE,public,extra_payment,"How $200 extra per month kills $23,250 of debt faster",gemini
11,2026-09-27 16:27,VVV5pa_0STM,public,snowball_vs_avalanche,"Smallest balance first or highest APR first? $20,400 test",gemini
12,2026-09-27 20:28,gsCUrRc-r9s,public,utilization,78% credit utilization? Here is the fix,gemini
13,2026-09-27 22:27,yey_pZZ66vA,public,min_trap,"Paying only the minimum on $21,250 takes HOW long?",gemini
14,2026-09-28 16:30,ITDWHbXp81Y,public,extra_payment,"How $250 extra per month kills $12,250 of debt faster",template
15,2026-09-28 20:27,hC4dwTtRI14,public,snowball_vs_avalanche,I ran the math on 2 debts. Snowball vs Avalanche,gemini
16,2026-09-28 22:12,t3inqdcMFBg,public,utilization,"How much to pay to get under 30% utilization on a $2,000 card",gemini
17,2026-09-29 16:25,flCkudv2aaQ,public,min_trap,"What the minimum payment really costs on $7,000",gemini
18,2026-09-29 20:27,t2gEgQXAvKw,public,extra_payment,"$13,750 at 24%: paying $430 vs $655 a month",gemini
19,2026-09-29 22:27,dEF_A-Ew7Ps,public,snowball_vs_avalanche,"Smallest balance first or highest APR first? $35,300 test",gemini
20,2026-09-30 16:27,IsHKY371bCo,public,utilization,68% credit utilization? Here is the fix,gemini
21,2026-09-30 20:27,vBDHmJcOkOg,public,min_trap,"Paying only the minimum on $24,250 takes HOW long?",gemini
22,2026-09-30 22:27,ypHyEGNpxQ0,public,extra_payment,"How $400 extra per month kills $34,250 of debt faster",gemini
23,2026-10-01 16:27,JqKrOiAEtdA,public,snowball_vs_avalanche,"Smallest balance first or highest APR first? $42,700 test",gemini
24,2026-10-01 20:29,9fe1IVbGuM4,public,utilization,"How much to pay to get under 30% utilization on a $12,000 card",gemini
25,2026-10-01 22:33,iSxPQ3si3WE,public,min_trap,"What the minimum payment really costs on $10,000",gemini
