id,pillar,title,params
1,min_trap,"The minimum payment trap on $16,250 of credit card debt","{""balance"":16250,""apr"":15,""min_pct"":1,""min_floor"":25}"
2,extra_payment,"$13,000 at 17% APR: what an extra payment changes","{""balance"":13000,""apr"":17,""payment"":470,""extra"":400}"
3,snowball_vs_avalanche,"5 debts, two methods: Snowball vs Avalanche","{""debts"":[{""name"":""Card A"",""balance"":7800,""apr"":12,""min"":195},{""name"":""Card D"",""balance"":8600,""apr"":29,""min"":215},{""name"":""Personal loan"",""balance"":6600,""apr"":26,""min"":165},{""name"":""Card C"",""balance"":9000,""apr"":12,""min"":225},{""name"":""Store card"",""balance"":11500,""apr"":17,""min"":290}],""budget"":1590}"
4,utilization,"How much to pay to get under 30% utilization on a $4,000 card","{""balance"":2100,""limit"":4000}"
5,min_trap,"The minimum payment trap on $6,250 of credit card debt","{""balance"":6250,""apr"":27,""min_pct"":1,""min_floor"":25}"
6,extra_payment,"The $75 trick that saves months on $6,000 of debt","{""balance"":6000,""apr"":21,""payment"":160,""extra"":75}"
7,snowball_vs_avalanche,"Debt Snowball vs Avalanche: the real numbers on $24,200","{""debts"":[{""name"":""Card A"",""balance"":1600,""apr"":21,""min"":40},{""name"":""Card C"",""balance"":12500,""apr"":23,""min"":310},{""name"":""Card D"",""balance"":8900,""apr"":14,""min"":220},{""name"":""Card B"",""balance"":1200,""apr"":19,""min"":30}],""budget"":1200}"
8,utilization,"How much to pay to get under 30% utilization on a $1,500 card","{""balance"":1350,""limit"":1500}"
9,min_trap,"The minimum payment trap on $21,750 of credit card debt","{""balance"":21750,""apr"":21,""min_pct"":1,""min_floor"":25}"
10,extra_payment,"How $200 extra per month kills $23,250 of debt faster","{""balance"":23250,""apr"":28,""payment"":710,""extra"":200}"
11,snowball_vs_avalanche,"Smallest balance first or highest APR first? $20,400 test","{""debts"":[{""name"":""Card D"",""balance"":9300,""apr"":17,""min"":230},{""name"":""Store card"",""balance"":8200,""apr"":19,""min"":205},{""name"":""Card A"",""balance"":2900,""apr"":24,""min"":70}],""budget"":705}"
12,utilization,78% credit utilization: the payoff math,"{""balance"":1950,""limit"":2500}"
13,min_trap,"Paying only the minimum on $21,250 takes HOW long?","{""balance"":21250,""apr"":27,""min_pct"":1,""min_floor"":25}"
14,extra_payment,"How $250 extra per month kills $12,250 of debt faster","{""balance"":12250,""apr"":15,""payment"":450,""extra"":250}"
15,snowball_vs_avalanche,"2 debts, two methods: Snowball vs Avalanche","{""debts"":[{""name"":""Card B"",""balance"":13200,""apr"":22,""min"":330},{""name"":""Personal loan"",""balance"":3600,""apr"":27,""min"":90}],""budget"":720}"
16,utilization,"How much to pay to get under 30% utilization on a $2,000 card","{""balance"":1000,""limit"":2000}"
17,min_trap,"What the minimum payment really costs on $7,000","{""balance"":7000,""apr"":23,""min_pct"":1,""min_floor"":25}"
18,extra_payment,"$13,750 at 24%: paying $430 vs $655 a month","{""balance"":13750,""apr"":24,""payment"":430,""extra"":225}"
19,snowball_vs_avalanche,"Smallest balance first or highest APR first? $35,300 test","{""debts"":[{""name"":""Card B"",""balance"":11500,""apr"":15,""min"":290},{""name"":""Card D"",""balance"":2700,""apr"":17,""min"":70},{""name"":""Card C"",""balance"":12000,""apr"":25,""min"":300},{""name"":""Card A"",""balance"":9100,""apr"":24,""min"":230}],""budget"":1190}"
20,utilization,68% credit utilization: the payoff math,"{""balance"":5100,""limit"":7500}"
21,min_trap,"Paying only the minimum on $24,250 takes HOW long?","{""balance"":24250,""apr"":28,""min_pct"":1,""min_floor"":25}"
22,extra_payment,"How $400 extra per month kills $34,250 of debt faster","{""balance"":34250,""apr"":16,""payment"":1210,""extra"":400}"
23,snowball_vs_avalanche,"Smallest balance first or highest APR first? $42,700 test","{""debts"":[{""name"":""Card A"",""balance"":7100,""apr"":20,""min"":180},{""name"":""Store card"",""balance"":14600,""apr"":17,""min"":365},{""name"":""Card C"",""balance"":7900,""apr"":15,""min"":200},{""name"":""Card D"",""balance"":13100,""apr"":21,""min"":330}],""budget"":1675}"
24,utilization,"How much to pay to get under 30% utilization on a $12,000 card","{""balance"":5650,""limit"":12000}"
25,min_trap,"What the minimum payment really costs on $10,000","{""balance"":10000,""apr"":17,""min_pct"":1,""min_floor"":25}"
26,extra_payment,"How $200 extra per month kills $30,250 of debt faster","{""balance"":30250,""apr"":22,""payment"":770,""extra"":200}"
27,snowball_vs_avalanche,"3 debts, two methods: Snowball vs Avalanche","{""debts"":[{""name"":""Card A"",""balance"":1700,""apr"":27,""min"":40},{""name"":""Card B"",""balance"":12300,""apr"":29,""min"":310},{""name"":""Card D"",""balance"":11600,""apr"":16,""min"":290}],""budget"":1140}"
28,utilization,45% credit utilization: the payoff math,"{""balance"":4500,""limit"":10000}"
29,min_trap,"Why your $13,750 card balance never goes down","{""balance"":13750,""apr"":24,""min_pct"":1,""min_floor"":25}"
30,extra_payment,"How $100 extra per month kills $48,250 of debt faster","{""balance"":48250,""apr"":29,""payment"":1600,""extra"":100}"
31,snowball_vs_avalanche,"Snowball vs Avalanche on $23,200. Which wins?","{""debts"":[{""name"":""Card D"",""balance"":2300,""apr"":19,""min"":60},{""name"":""Store card"",""balance"":1400,""apr"":12,""min"":35},{""name"":""Card C"",""balance"":9000,""apr"":19,""min"":225},{""name"":""Personal loan"",""balance"":9000,""apr"":12,""min"":225},{""name"":""Card B"",""balance"":1500,""apr"":13,""min"":40}],""budget"":735}"
32,utilization,90% credit utilization: the payoff math,"{""balance"":900,""limit"":1000}"
33,min_trap,"The minimum payment trap on $2,750 of credit card debt","{""balance"":2750,""apr"":18,""min_pct"":1,""min_floor"":25}"
34,extra_payment,"The $500 trick that saves months on $33,750 of debt","{""balance"":33750,""apr"":18,""payment"":1120,""extra"":500}"
35,min_trap,"Paying only the minimum on $13,000 takes HOW long?","{""balance"":13000,""apr"":23,""min_pct"":1,""min_floor"":25}"
36,payment_ladder,"The monthly payment that clears $22,500 fastest","{""balance"":22500,""apr"":25,""payments"":[600,900,1200]}"
37,utilization,"The credit utilization math on a $20,000 limit","{""balance"":16800,""limit"":20000}"
38,balance_transfer,"Balance transfer math on $12,500 at 23% APR","{""balance"":12500,""apr"":23,""payment"":410,""promo_months"":12,""fee_pct"":5}"
39,apr_gap,"$14,500 at 30% or 22%? The difference is wild","{""balance"":14500,""apr_high"":30,""apr_low"":22,""payment"":500}"
40,min_trap,"The minimum payment trap on $7,000 of credit card debt","{""balance"":7000,""apr"":29,""min_pct"":1,""min_floor"":25}"
41,balance_transfer,"5% fee vs 28% APR: the $20,000 balance transfer test","{""balance"":20000,""apr"":28,""payment"":800,""promo_months"":12,""fee_pct"":5}"
42,utilization,"How much to pay to get under 30% utilization on a $3,000 card","{""balance"":1900,""limit"":3000}"
43,payment_ladder,"Pick your payment: $18,250 at 25% APR","{""balance"":18250,""apr"":25,""payments"":[450,675,900]}"
44,snowball_vs_avalanche,"5 debts, $35,000 total. Snowball or Avalanche?","{""debts"":[{""name"":""Card A"",""balance"":7800,""apr"":27,""min"":195},{""name"":""Card C"",""balance"":6300,""apr"":28,""min"":160},{""name"":""Personal loan"",""balance"":4300,""apr"":25,""min"":110},{""name"":""Card D"",""balance"":8700,""apr"":27,""min"":220},{""name"":""Card B"",""balance"":7900,""apr"":12,""min"":200}],""budget"":1285}"
45,balance_transfer,"Is a balance transfer worth it? $16,750 test","{""balance"":16750,""apr"":28,""payment"":820,""promo_months"":12,""fee_pct"":5}"
46,min_trap,"Paying only the minimum on $22,250 takes HOW long?","{""balance"":22250,""apr"":28,""min_pct"":1,""min_floor"":25}"
47,apr_gap,Is your 27% APR costing you this much?,"{""balance"":14750,""apr_high"":27,""apr_low"":20,""payment"":440}"
48,balance_transfer,"Balance transfer math on $7,500 at 28% APR","{""balance"":7500,""apr"":28,""payment"":320,""promo_months"":21,""fee_pct"":4}"
49,apr_gap,Is your 25% APR costing you this much?,"{""balance"":2250,""apr_high"":25,""apr_low"":19,""payment"":90}"
50,snowball_vs_avalanche,"Debt Snowball vs Avalanche: the real numbers on $30,200","{""debts"":[{""name"":""Store card"",""balance"":7900,""apr"":27,""min"":200},{""name"":""Card C"",""balance"":12200,""apr"":29,""min"":305},{""name"":""Personal loan"",""balance"":10100,""apr"":13,""min"":250}],""budget"":1355}"
51,utilization,"How much to pay before the statement closes ($950 on $1,500)","{""balance"":950,""limit"":1500}"
52,min_trap,"Why your $23,250 card balance never goes down","{""balance"":23250,""apr"":17,""min_pct"":1,""min_floor"":25}"
53,payment_ladder,"What changes if you pay $700 instead of $350? ($13,000)","{""balance"":13000,""apr"":17,""payments"":[350,525,700]}"
54,snowball_vs_avalanche,"3 debts, $17,700 total. Snowball or Avalanche?","{""debts"":[{""name"":""Card D"",""balance"":7000,""apr"":12,""min"":175},{""name"":""Card C"",""balance"":1800,""apr"":26,""min"":45},{""name"":""Card B"",""balance"":8900,""apr"":14,""min"":220}],""budget"":840}"
55,extra_payment,"How $150 extra per month kills $31,500 of debt faster","{""balance"":31500,""apr"":27,""payment"":1050,""extra"":150}"
56,min_trap,"What the minimum payment really costs on $8,500","{""balance"":8500,""apr"":24,""min_pct"":1,""min_floor"":25}"
57,balance_transfer,"5% fee vs 27% APR: the $19,000 balance transfer test","{""balance"":19000,""apr"":27,""payment"":700,""promo_months"":15,""fee_pct"":5}"
58,min_trap,"What the minimum payment really costs on $15,250","{""balance"":15250,""apr"":26,""min_pct"":1,""min_floor"":25}"
59,utilization,"How much to pay to get under 30% utilization on a $5,000 card","{""balance"":3850,""limit"":5000}"
60,payment_ladder,"What changes if you pay $1,000 instead of $500? ($20,000)","{""balance"":20000,""apr"":25,""payments"":[500,750,1000]}"
61,snowball_vs_avalanche,"Debt Snowball vs Avalanche: the real numbers on $8,000","{""debts"":[{""name"":""Personal loan"",""balance"":700,""apr"":15,""min"":25},{""name"":""Card B"",""balance"":6100,""apr"":14,""min"":150},{""name"":""Card C"",""balance"":1200,""apr"":23,""min"":30}],""budget"":705}"
62,payment_ladder,"Pick your payment: $23,750 at 16% APR","{""balance"":23750,""apr"":16,""payments"":[625,950,1250]}"
63,apr_gap,"How much a lower APR changes on $14,500","{""balance"":14500,""apr_high"":24,""apr_low"":15,""payment"":640}"
64,utilization,"How much to pay before the statement closes ($900 on $2,000)","{""balance"":900,""limit"":2000}"
65,apr_gap,"Same $14,250 debt: 26% APR vs 19% APR","{""balance"":14250,""apr_high"":26,""apr_low"":19,""payment"":530}"
66,utilization,"How much to pay to get under 30% utilization on a $1,000 card","{""balance"":450,""limit"":1000}"
67,min_trap,"Paying only the minimum on $14,000 takes HOW long?","{""balance"":14000,""apr"":28,""min_pct"":1,""min_floor"":25}"
68,utilization,"The credit utilization math on a $15,000 limit","{""balance"":7050,""limit"":15000}"
69,balance_transfer,"0% for 15 months on $17,750: worth the 5% fee?","{""balance"":17750,""apr"":22,""payment"":1010,""promo_months"":15,""fee_pct"":5}"
70,min_trap,"The minimum payment trap on $21,250 of credit card debt","{""balance"":21250,""apr"":21,""min_pct"":1,""min_floor"":25}"
71,utilization,"Your $4,500 balance on a $5,000 limit is hurting your score","{""balance"":4500,""limit"":5000}"
72,snowball_vs_avalanche,"Snowball vs Avalanche on $17,100. Which wins?","{""debts"":[{""name"":""Store card"",""balance"":7200,""apr"":25,""min"":180},{""name"":""Card B"",""balance"":4700,""apr"":17,""min"":120},{""name"":""Card D"",""balance"":5200,""apr"":27,""min"":130}],""budget"":730}"
73,utilization,85% credit utilization: the payoff math,"{""balance"":8500,""limit"":10000}"
74,balance_transfer,"Balance transfer math on $17,250 at 23% APR","{""balance"":17250,""apr"":23,""payment"":970,""promo_months"":12,""fee_pct"":3}"
75,snowball_vs_avalanche,"Debt Snowball vs Avalanche: the real numbers on $17,800","{""debts"":[{""name"":""Card A"",""balance"":5600,""apr"":29,""min"":140},{""name"":""Store card"",""balance"":3600,""apr"":20,""min"":90},{""name"":""Card B"",""balance"":8600,""apr"":18,""min"":215}],""budget"":845}"
76,apr_gap,"Same $20,750 debt: 25% APR vs 13% APR","{""balance"":20750,""apr_high"":25,""apr_low"":13,""payment"":840}"
77,snowball_vs_avalanche,"Snowball vs Avalanche on $12,000. Which wins?","{""debts"":[{""name"":""Card D"",""balance"":4500,""apr"":14,""min"":110},{""name"":""Card A"",""balance"":4700,""apr"":22,""min"":120},{""name"":""Store card"",""balance"":2800,""apr"":20,""min"":70}],""budget"":400}"
78,utilization,"Your $1,850 balance on a $3,000 limit is hurting your score","{""balance"":1850,""limit"":3000}"
79,min_trap,"Paying only the minimum on $6,750 takes HOW long?","{""balance"":6750,""apr"":19,""min_pct"":1,""min_floor"":25}"
80,snowball_vs_avalanche,"Debt Snowball vs Avalanche: the real numbers on $39,400","{""debts"":[{""name"":""Store card"",""balance"":5100,""apr"":18,""min"":130},{""name"":""Card C"",""balance"":9100,""apr"":25,""min"":230},{""name"":""Card A"",""balance"":14700,""apr"":15,""min"":370},{""name"":""Card B"",""balance"":10500,""apr"":28,""min"":260}],""budget"":1490}"
81,utilization,"The credit utilization math on a $4,000 limit","{""balance"":1500,""limit"":4000}"
82,payment_ladder,"$8,500 of debt: paying $200, $300 or $400 a month?","{""balance"":8500,""apr"":21,""payments"":[200,300,400]}"
83,extra_payment,"How $400 extra per month kills $21,500 of debt faster","{""balance"":21500,""apr"":24,""payment"":830,""extra"":400}"
84,min_trap,"$2,250 at 16% APR, minimum payments only. Brutal math","{""balance"":2250,""apr"":16,""min_pct"":1,""min_floor"":25}"
85,apr_gap,"$5,250 at 25% or 17%? The difference is wild","{""balance"":5250,""apr_high"":25,""apr_low"":17,""payment"":190}"
86,min_trap,"Why your $15,000 card balance never goes down","{""balance"":15000,""apr"":20,""min_pct"":1,""min_floor"":25}"
87,utilization,"The credit utilization math on a $2,500 limit","{""balance"":2100,""limit"":2500}"
88,balance_transfer,"5% fee vs 22% APR: the $16,000 balance transfer test","{""balance"":16000,""apr"":22,""payment"":820,""promo_months"":12,""fee_pct"":5}"
89,apr_gap,"Same $13,000 debt: 26% APR vs 14% APR","{""balance"":13000,""apr_high"":26,""apr_low"":14,""payment"":380}"
90,extra_payment,"The $75 trick that saves months on $24,500 of debt","{""balance"":24500,""apr"":19,""payment"":960,""extra"":75}"
91,min_trap,"What the minimum payment really costs on $5,250","{""balance"":5250,""apr"":15,""min_pct"":1,""min_floor"":25}"
92,payment_ladder,"Pick your payment: $9,750 at 24% APR","{""balance"":9750,""apr"":24,""payments"":[275,400,550]}"
93,min_trap,"$21,250 at 25% APR, minimum payments only. Brutal math","{""balance"":21250,""apr"":25,""min_pct"":1,""min_floor"":25}"
94,apr_gap,Is your 29% APR costing you this much?,"{""balance"":29250,""apr_high"":29,""apr_low"":20,""payment"":1240}"
95,balance_transfer,"Balance transfer math on $8,500 at 23% APR","{""balance"":8500,""apr"":23,""payment"":470,""promo_months"":18,""fee_pct"":4}"
96,snowball_vs_avalanche,"Debt Snowball vs Avalanche: the real numbers on $51,900","{""debts"":[{""name"":""Personal loan"",""balance"":9600,""apr"":16,""min"":240},{""name"":""Card C"",""balance"":7500,""apr"":12,""min"":190},{""name"":""Store card"",""balance"":14300,""apr"":28,""min"":360},{""name"":""Card A"",""balance"":10700,""apr"":13,""min"":270},{""name"":""Card D"",""balance"":9800,""apr"":14,""min"":245}],""budget"":1505}"
97,apr_gap,"Same $9,500 debt: 29% APR vs 23% APR","{""balance"":9500,""apr_high"":29,""apr_low"":23,""payment"":260}"
98,utilization,72% credit utilization: the payoff math,"{""balance"":14400,""limit"":20000}"
99,apr_gap,"How much a lower APR changes on $28,750","{""balance"":28750,""apr_high"":27,""apr_low"":20,""payment"":1270}"
100,balance_transfer,"Is a balance transfer worth it? $14,000 test","{""balance"":14000,""apr"":28,""payment"":480,""promo_months"":12,""fee_pct"":3}"
101,snowball_vs_avalanche,"Smallest balance first or highest APR first? $27,400 test","{""debts"":[{""name"":""Store card"",""balance"":13500,""apr"":21,""min"":340},{""name"":""Card A"",""balance"":8300,""apr"":23,""min"":210},{""name"":""Card B"",""balance"":2400,""apr"":24,""min"":60},{""name"":""Personal loan"",""balance"":3200,""apr"":12,""min"":80}],""budget"":1290}"
102,apr_gap,"How much a lower APR changes on $28,250","{""balance"":28250,""apr_high"":26,""apr_low"":20,""payment"":800}"
103,min_trap,"$8,500 at 17% APR, minimum payments only. Brutal math","{""balance"":8500,""apr"":17,""min_pct"":1,""min_floor"":25}"
104,extra_payment,"How $25 extra per month kills $6,750 of debt faster","{""balance"":6750,""apr"":25,""payment"":260,""extra"":25}"
105,min_trap,"$8,250 at 23% APR, minimum payments only. Brutal math","{""balance"":8250,""apr"":23,""min_pct"":1,""min_floor"":25}"
106,apr_gap,"Same $9,000 debt: 24% APR vs 14% APR","{""balance"":9000,""apr_high"":24,""apr_low"":14,""payment"":310}"
107,snowball_vs_avalanche,"Snowball vs Avalanche on $48,600. Which wins?","{""debts"":[{""name"":""Card D"",""balance"":13700,""apr"":15,""min"":340},{""name"":""Card A"",""balance"":8600,""apr"":19,""min"":215},{""name"":""Store card"",""balance"":12500,""apr"":26,""min"":310},{""name"":""Card B"",""balance"":13800,""apr"":23,""min"":345}],""budget"":1310}"
108,balance_transfer,"0% for 18 months on $3,500: worth the 4% fee?","{""balance"":3500,""apr"":27,""payment"":180,""promo_months"":18,""fee_pct"":4}"
109,min_trap,"The minimum payment trap on $11,500 of credit card debt","{""balance"":11500,""apr"":23,""min_pct"":1,""min_floor"":25}"
110,utilization,"The credit utilization math on a $2,000 limit","{""balance"":950,""limit"":2000}"
111,min_trap,"The minimum payment trap on $17,500 of credit card debt","{""balance"":17500,""apr"":20,""min_pct"":1,""min_floor"":25}"
112,snowball_vs_avalanche,"Debt Snowball vs Avalanche: the real numbers on $21,300","{""debts"":[{""name"":""Card C"",""balance"":12600,""apr"":22,""min"":315},{""name"":""Store card"",""balance"":4400,""apr"":26,""min"":110},{""name"":""Personal loan"",""balance"":4300,""apr"":29,""min"":110}],""budget"":1035}"
113,extra_payment,"How $150 extra per month kills $48,750 of debt faster","{""balance"":48750,""apr"":23,""payment"":1780,""extra"":150}"
114,apr_gap,"$19,750 at 27% or 12%? The difference is wild","{""balance"":19750,""apr_high"":27,""apr_low"":12,""payment"":710}"
115,balance_transfer,"Balance transfer math on $8,000 at 27% APR","{""balance"":8000,""apr"":27,""payment"":320,""promo_months"":15,""fee_pct"":4}"
116,min_trap,"Paying only the minimum on $10,500 takes HOW long?","{""balance"":10500,""apr"":17,""min_pct"":1,""min_floor"":25}"
117,utilization,"How much to pay to get under 30% utilization on a $20,000 card","{""balance"":10200,""limit"":20000}"
118,extra_payment,"$32,500 at 21%: paying $1,220 vs $1,520 a month","{""balance"":32500,""apr"":21,""payment"":1220,""extra"":300}"
119,apr_gap,"What a 26% APR really costs on $20,500","{""balance"":20500,""apr_high"":26,""apr_low"":17,""payment"":520}"
120,balance_transfer,"0% for 18 months on $11,250: worth the 3% fee?","{""balance"":11250,""apr"":29,""payment"":530,""promo_months"":18,""fee_pct"":3}"
121,extra_payment,"How $75 extra per month kills $11,750 of debt faster","{""balance"":11750,""apr"":22,""payment"":330,""extra"":75}"
122,min_trap,"What the minimum payment really costs on $11,000","{""balance"":11000,""apr"":23,""min_pct"":1,""min_floor"":25}"
123,apr_gap,"How much a lower APR changes on $5,000","{""balance"":5000,""apr_high"":26,""apr_low"":18,""payment"":130}"
124,balance_transfer,"4% fee vs 27% APR: the $19,750 balance transfer test","{""balance"":19750,""apr"":27,""payment"":800,""promo_months"":18,""fee_pct"":4}"
125,utilization,91% credit utilization: the payoff math,"{""balance"":6800,""limit"":7500}"
126,payment_ladder,"What changes if you pay $150 instead of $75? ($2,750)","{""balance"":2750,""apr"":23,""payments"":[75,100,150]}"
127,apr_gap,"$9,000 at 30% or 19%? The difference is wild","{""balance"":9000,""apr_high"":30,""apr_low"":19,""payment"":260}"
128,utilization,60% credit utilization: the payoff math,"{""balance"":12000,""limit"":20000}"
129,min_trap,"Paying only the minimum on $2,250 takes HOW long?","{""balance"":2250,""apr"":21,""min_pct"":1,""min_floor"":25}"
130,balance_transfer,"4% fee vs 28% APR: the $13,500 balance transfer test","{""balance"":13500,""apr"":28,""payment"":650,""promo_months"":18,""fee_pct"":4}"
131,payment_ladder,"Pick your payment: $15,750 at 23% APR","{""balance"":15750,""apr"":23,""payments"":[375,550,750]}"
132,snowball_vs_avalanche,"Snowball vs Avalanche on $19,500. Which wins?","{""debts"":[{""name"":""Personal loan"",""balance"":11500,""apr"":28,""min"":290},{""name"":""Card B"",""balance"":8000,""apr"":24,""min"":200}],""budget"":990}"
133,payment_ladder,"How long $24,500 takes at $625 vs $1,250 a month","{""balance"":24500,""apr"":16,""payments"":[625,950,1250]}"
134,utilization,"How much to pay before the statement closes ($4,300 on $10,000)","{""balance"":4300,""limit"":10000}"
135,min_trap,"Why your $21,750 card balance never goes down","{""balance"":21750,""apr"":27,""min_pct"":1,""min_floor"":25}"
136,snowball_vs_avalanche,"Debt Snowball vs Avalanche: the real numbers on $44,600","{""debts"":[{""name"":""Store card"",""balance"":9300,""apr"":16,""min"":230},{""name"":""Card C"",""balance"":11100,""apr"":16,""min"":280},{""name"":""Card B"",""balance"":12100,""apr"":13,""min"":300},{""name"":""Card A"",""balance"":12100,""apr"":13,""min"":300}],""budget"":1310}"
137,payment_ladder,"Pick your payment: $6,000 at 20% APR","{""balance"":6000,""apr"":20,""payments"":[175,250,350]}"
138,min_trap,"Paying only the minimum on $5,000 takes HOW long?","{""balance"":5000,""apr"":26,""min_pct"":1,""min_floor"":25}"
139,balance_transfer,"Balance transfer math on $14,250 at 26% APR","{""balance"":14250,""apr"":26,""payment"":840,""promo_months"":21,""fee_pct"":5}"
140,min_trap,"Paying only the minimum on $9,750 takes HOW long?","{""balance"":9750,""apr"":23,""min_pct"":1,""min_floor"":25}"
141,apr_gap,"How much a lower APR changes on $23,000","{""balance"":23000,""apr_high"":25,""apr_low"":17,""payment"":640}"
142,min_trap,"The minimum payment trap on $1,250 of credit card debt","{""balance"":1250,""apr"":16,""min_pct"":1,""min_floor"":25}"
143,apr_gap,"Same $21,750 debt: 30% APR vs 16% APR","{""balance"":21750,""apr_high"":30,""apr_low"":16,""payment"":690}"
144,min_trap,"Paying only the minimum on $5,500 takes HOW long?","{""balance"":5500,""apr"":28,""min_pct"":1,""min_floor"":25}"
145,utilization,"How much to pay to get under 30% utilization on a $15,000 card","{""balance"":9900,""limit"":15000}"
146,snowball_vs_avalanche,"Snowball vs Avalanche on $62,300. Which wins?","{""debts"":[{""name"":""Card D"",""balance"":14500,""apr"":26,""min"":360},{""name"":""Card C"",""balance"":14100,""apr"":29,""min"":350},{""name"":""Personal loan"",""balance"":9300,""apr"":14,""min"":230},{""name"":""Card B"",""balance"":13200,""apr"":18,""min"":330},{""name"":""Card A"",""balance"":11200,""apr"":15,""min"":280}],""budget"":2150}"
147,min_trap,"$6,000 at 21% APR, minimum payments only. Brutal math","{""balance"":6000,""apr"":21,""min_pct"":1,""min_floor"":25}"
148,payment_ladder,"How long $24,250 takes at $550 vs $1,100 a month","{""balance"":24250,""apr"":22,""payments"":[550,825,1100]}"
149,extra_payment,"How $300 extra per month kills $19,000 of debt faster","{""balance"":19000,""apr"":15,""payment"":610,""extra"":300}"
150,balance_transfer,"Balance transfer math on $10,750 at 22% APR","{""balance"":10750,""apr"":22,""payment"":500,""promo_months"":12,""fee_pct"":3}"
151,utilization,"How much to pay before the statement closes ($9,000 on $12,000)","{""balance"":9000,""limit"":12000}"
152,min_trap,"The minimum payment trap on $17,750 of credit card debt","{""balance"":17750,""apr"":23,""min_pct"":1,""min_floor"":25}"
153,balance_transfer,"4% fee vs 21% APR: the $19,500 balance transfer test","{""balance"":19500,""apr"":21,""payment"":790,""promo_months"":21,""fee_pct"":4}"
154,apr_gap,"Same $28,500 debt: 30% APR vs 16% APR","{""balance"":28500,""apr_high"":30,""apr_low"":16,""payment"":880}"
155,utilization,"The credit utilization math on a $1,500 limit","{""balance"":1000,""limit"":1500}"
156,apr_gap,"How much a lower APR changes on $12,750","{""balance"":12750,""apr_high"":29,""apr_low"":21,""payment"":560}"
157,min_trap,"$3,500 at 16% APR, minimum payments only. Brutal math","{""balance"":3500,""apr"":16,""min_pct"":1,""min_floor"":25}"
158,apr_gap,"How much a lower APR changes on $9,250","{""balance"":9250,""apr_high"":24,""apr_low"":17,""payment"":410}"
159,utilization,89% credit utilization: the payoff math,"{""balance"":17800,""limit"":20000}"
160,balance_transfer,"Is a balance transfer worth it? $7,500 test","{""balance"":7500,""apr"":27,""payment"":390,""promo_months"":15,""fee_pct"":4}"
161,apr_gap,Is your 28% APR costing you this much?,"{""balance"":13250,""apr_high"":28,""apr_low"":17,""payment"":440}"
162,utilization,"The credit utilization math on a $12,000 limit","{""balance"":7100,""limit"":12000}"
163,apr_gap,"How much a lower APR changes on $16,000","{""balance"":16000,""apr_high"":25,""apr_low"":18,""payment"":630}"
164,payment_ladder,"The monthly payment that clears $9,250 fastest","{""balance"":9250,""apr"":28,""payments"":[225,350,450]}"
165,min_trap,"$15,500 at 23% APR, minimum payments only. Brutal math","{""balance"":15500,""apr"":23,""min_pct"":1,""min_floor"":25}"
166,payment_ladder,"The monthly payment that clears $4,750 fastest","{""balance"":4750,""apr"":21,""payments"":[125,200,250]}"
167,apr_gap,"What a 27% APR really costs on $24,500","{""balance"":24500,""apr_high"":27,""apr_low"":18,""payment"":1090}"
168,min_trap,"$7,250 at 27% APR, minimum payments only. Brutal math","{""balance"":7250,""apr"":27,""min_pct"":1,""min_floor"":25}"
169,apr_gap,"Same $27,500 debt: 24% APR vs 14% APR","{""balance"":27500,""apr_high"":24,""apr_low"":14,""payment"":780}"
170,min_trap,"What the minimum payment really costs on $21,250","{""balance"":21250,""apr"":27,""min_pct"":1,""min_floor"":25}"
171,snowball_vs_avalanche,"Snowball vs Avalanche on $47,800. Which wins?","{""debts"":[{""name"":""Personal loan"",""balance"":12700,""apr"":28,""min"":320},{""name"":""Card A"",""balance"":9600,""apr"":13,""min"":240},{""name"":""Store card"",""balance"":14400,""apr"":18,""min"":360},{""name"":""Card C"",""balance"":9900,""apr"":27,""min"":250},{""name"":""Card B"",""balance"":1200,""apr"":14,""min"":30}],""budget"":1350}"
172,extra_payment,"How $25 extra per month kills $1,250 of debt faster","{""balance"":1250,""apr"":24,""payment"":50,""extra"":25}"
173,min_trap,"$17,750 at 23% APR, minimum payments only. Brutal math","{""balance"":17750,""apr"":23,""min_pct"":1,""min_floor"":25}"
174,apr_gap,"Same $16,500 debt: 28% APR vs 15% APR","{""balance"":16500,""apr_high"":28,""apr_low"":15,""payment"":580}"
175,utilization,"Your $900 balance on a $2,500 limit is hurting your score","{""balance"":900,""limit"":2500}"
176,snowball_vs_avalanche,"Debt Snowball vs Avalanche: the real numbers on $6,000","{""debts"":[{""name"":""Card C"",""balance"":3100,""apr"":19,""min"":80},{""name"":""Personal loan"",""balance"":2900,""apr"":18,""min"":70}],""budget"":550}"
177,utilization,"Your $550 balance on a $1,000 limit is hurting your score","{""balance"":550,""limit"":1000}"
178,balance_transfer,"0% for 15 months on $4,250: worth the 4% fee?","{""balance"":4250,""apr"":29,""payment"":240,""promo_months"":15,""fee_pct"":4}"
179,apr_gap,"Same $11,000 debt: 27% APR vs 20% APR","{""balance"":11000,""apr_high"":27,""apr_low"":20,""payment"":300}"
180,balance_transfer,"5% fee vs 27% APR: the $3,500 balance transfer test","{""balance"":3500,""apr"":27,""payment"":160,""promo_months"":21,""fee_pct"":5}"
181,payment_ladder,"Pick your payment: $4,000 at 26% APR","{""balance"":4000,""apr"":26,""payments"":[100,150,200]}"
182,min_trap,"The minimum payment trap on $10,000 of credit card debt","{""balance"":10000,""apr"":18,""min_pct"":1,""min_floor"":25}"
183,apr_gap,"How much a lower APR changes on $18,250","{""balance"":18250,""apr_high"":28,""apr_low"":14,""payment"":570}"
184,min_trap,"$1,750 at 29% APR, minimum payments only. Brutal math","{""balance"":1750,""apr"":29,""min_pct"":1,""min_floor"":25}"
185,balance_transfer,"3% fee vs 23% APR: the $12,500 balance transfer test","{""balance"":12500,""apr"":23,""payment"":600,""promo_months"":21,""fee_pct"":3}"
186,payment_ladder,"The monthly payment that clears $13,000 fastest","{""balance"":13000,""apr"":17,""payments"":[300,450,600]}"
187,min_trap,"Why your $15,500 card balance never goes down","{""balance"":15500,""apr"":17,""min_pct"":1,""min_floor"":25}"
188,apr_gap,"$2,250 at 28% or 13%? The difference is wild","{""balance"":2250,""apr_high"":28,""apr_low"":13,""payment"":60}"
189,payment_ladder,"Pick your payment: $12,000 at 23% APR","{""balance"":12000,""apr"":23,""payments"":[325,500,650]}"
190,extra_payment,"Add $200 a month to a $37,250 balance. Watch what happens","{""balance"":37250,""apr"":21,""payment"":1190,""extra"":200}"
191,min_trap,"$14,250 at 18% APR, minimum payments only. Brutal math","{""balance"":14250,""apr"":18,""min_pct"":1,""min_floor"":25}"
192,payment_ladder,"How long $8,750 takes at $250 vs $500 a month","{""balance"":8750,""apr"":28,""payments"":[250,375,500]}"
193,balance_transfer,"3% fee vs 22% APR: the $14,000 balance transfer test","{""balance"":14000,""apr"":22,""payment"":580,""promo_months"":12,""fee_pct"":3}"
194,snowball_vs_avalanche,"Smallest balance first or highest APR first? $37,500 test","{""debts"":[{""name"":""Card B"",""balance"":10600,""apr"":23,""min"":265},{""name"":""Personal loan"",""balance"":13100,""apr"":26,""min"":330},{""name"":""Store card"",""balance"":4000,""apr"":28,""min"":100},{""name"":""Card C"",""balance"":4900,""apr"":18,""min"":120},{""name"":""Card D"",""balance"":4900,""apr"":25,""min"":120}],""budget"":1435}"
195,min_trap,"Why your $24,750 card balance never goes down","{""balance"":24750,""apr"":25,""min_pct"":1,""min_floor"":25}"
196,balance_transfer,"Is a balance transfer worth it? $13,000 test","{""balance"":13000,""apr"":20,""payment"":510,""promo_months"":18,""fee_pct"":5}"
197,min_trap,"What the minimum payment really costs on $17,500","{""balance"":17500,""apr"":29,""min_pct"":1,""min_floor"":25}"
198,payment_ladder,"The monthly payment that clears $23,750 fastest","{""balance"":23750,""apr"":24,""payments"":[575,850,1150]}"
199,utilization,"How much to pay before the statement closes ($600 on $1,000)","{""balance"":600,""limit"":1000}"
200,snowball_vs_avalanche,"Smallest balance first or highest APR first? $25,500 test","{""debts"":[{""name"":""Card B"",""balance"":13000,""apr"":12,""min"":325},{""name"":""Personal loan"",""balance"":2100,""apr"":18,""min"":50},{""name"":""Card C"",""balance"":3000,""apr"":24,""min"":75},{""name"":""Card D"",""balance"":7400,""apr"":17,""min"":185}],""budget"":935}"
201,min_trap,"Paying only the minimum on $1,750 takes HOW long?","{""balance"":1750,""apr"":16,""min_pct"":1,""min_floor"":25}"
202,snowball_vs_avalanche,"Snowball vs Avalanche on $32,100. Which wins?","{""debts"":[{""name"":""Card A"",""balance"":6500,""apr"":22,""min"":160},{""name"":""Card C"",""balance"":5000,""apr"":12,""min"":125},{""name"":""Store card"",""balance"":1900,""apr"":14,""min"":50},{""name"":""Personal loan"",""balance"":11500,""apr"":16,""min"":290},{""name"":""Card D"",""balance"":7200,""apr"":25,""min"":180}],""budget"":905}"
203,balance_transfer,"Does a 0% balance transfer work on $5,500?","{""balance"":5500,""apr"":28,""payment"":260,""promo_months"":21,""fee_pct"":4}"
204,min_trap,"Why your $6,750 card balance never goes down","{""balance"":6750,""apr"":22,""min_pct"":1,""min_floor"":25}"
205,payment_ladder,"What changes if you pay $1,300 instead of $650? ($23,000)","{""balance"":23000,""apr"":24,""payments"":[650,975,1300]}"
206,apr_gap,"Same $5,750 debt: 24% APR vs 17% APR","{""balance"":5750,""apr_high"":24,""apr_low"":17,""payment"":200}"
207,utilization,"The credit utilization math on a $1,000 limit","{""balance"":650,""limit"":1000}"
208,extra_payment,"$5,750 at 15% APR: what an extra payment changes","{""balance"":5750,""apr"":15,""payment"":180,""extra"":100}"
209,snowball_vs_avalanche,"Snowball vs Avalanche on $31,400. Which wins?","{""debts"":[{""name"":""Card C"",""balance"":14300,""apr"":12,""min"":360},{""name"":""Card A"",""balance"":12900,""apr"":21,""min"":320},{""name"":""Store card"",""balance"":4200,""apr"":25,""min"":105}],""budget"":1385}"
210,balance_transfer,"5% fee vs 21% APR: the $8,500 balance transfer test","{""balance"":8500,""apr"":21,""payment"":280,""promo_months"":21,""fee_pct"":5}"
211,extra_payment,"Add $150 a month to a $22,000 balance. Watch what happens","{""balance"":22000,""apr"":24,""payment"":840,""extra"":150}"
212,balance_transfer,"4% fee vs 22% APR: the $13,000 balance transfer test","{""balance"":13000,""apr"":22,""payment"":400,""promo_months"":21,""fee_pct"":4}"
213,extra_payment,"Add $150 a month to a $23,500 balance. Watch what happens","{""balance"":23500,""apr"":21,""payment"":850,""extra"":150}"
214,balance_transfer,"3% fee vs 29% APR: the $16,000 balance transfer test","{""balance"":16000,""apr"":29,""payment"":650,""promo_months"":21,""fee_pct"":3}"
215,extra_payment,"$14,000 at 16% APR: what an extra payment changes","{""balance"":14000,""apr"":16,""payment"":530,""extra"":100}"
216,payment_ladder,"$15,750 of debt: paying $425, $650 or $850 a month?","{""balance"":15750,""apr"":21,""payments"":[425,650,850]}"
217,utilization,"The credit utilization math on a $5,000 limit","{""balance"":3800,""limit"":5000}"
218,balance_transfer,"Balance transfer math on $10,250 at 25% APR","{""balance"":10250,""apr"":25,""payment"":310,""promo_months"":21,""fee_pct"":4}"
219,snowball_vs_avalanche,"Debt Snowball vs Avalanche: the real numbers on $36,000","{""debts"":[{""name"":""Store card"",""balance"":6500,""apr"":13,""min"":160},{""name"":""Card C"",""balance"":9200,""apr"":21,""min"":230},{""name"":""Card A"",""balance"":8300,""apr"":29,""min"":210},{""name"":""Card B"",""balance"":12000,""apr"":15,""min"":300}],""budget"":1500}"
220,utilization,54% credit utilization: the payoff math,"{""balance"":2700,""limit"":5000}"
221,min_trap,"$6,250 at 16% APR, minimum payments only. Brutal math","{""balance"":6250,""apr"":16,""min_pct"":1,""min_floor"":25}"
222,snowball_vs_avalanche,"Snowball vs Avalanche on $36,200. Which wins?","{""debts"":[{""name"":""Personal loan"",""balance"":10300,""apr"":29,""min"":260},{""name"":""Card D"",""balance"":8000,""apr"":13,""min"":200},{""name"":""Card C"",""balance"":4700,""apr"":15,""min"":120},{""name"":""Card A"",""balance"":13200,""apr"":19,""min"":330}],""budget"":1010}"
223,payment_ladder,"What changes if you pay $1,200 instead of $600? ($20,250)","{""balance"":20250,""apr"":17,""payments"":[600,900,1200]}"
224,min_trap,"What the minimum payment really costs on $11,500","{""balance"":11500,""apr"":28,""min_pct"":1,""min_floor"":25}"
225,balance_transfer,"Is a balance transfer worth it? $15,500 test","{""balance"":15500,""apr"":24,""payment"":720,""promo_months"":21,""fee_pct"":4}"
226,min_trap,"$2,250 at 19% APR, minimum payments only. Brutal math","{""balance"":2250,""apr"":19,""min_pct"":1,""min_floor"":25}"
227,utilization,"How much to pay before the statement closes ($4,500 on $10,000)","{""balance"":4500,""limit"":10000}"
228,snowball_vs_avalanche,"2 debts, $26,900 total. Snowball or Avalanche?","{""debts"":[{""name"":""Card A"",""balance"":14500,""apr"":25,""min"":360},{""name"":""Card C"",""balance"":12400,""apr"":26,""min"":310}],""budget"":1170}"
229,balance_transfer,"Is a balance transfer worth it? $7,250 test","{""balance"":7250,""apr"":21,""payment"":260,""promo_months"":15,""fee_pct"":4}"
230,utilization,48% credit utilization: the payoff math,"{""balance"":950,""limit"":2000}"
231,min_trap,"Paying only the minimum on $20,250 takes HOW long?","{""balance"":20250,""apr"":19,""min_pct"":1,""min_floor"":25}"
232,payment_ladder,"What changes if you pay $300 instead of $150? ($6,500)","{""balance"":6500,""apr"":22,""payments"":[150,225,300]}"
233,balance_transfer,"Balance transfer math on $17,500 at 20% APR","{""balance"":17500,""apr"":20,""payment"":880,""promo_months"":18,""fee_pct"":5}"
234,utilization,56% credit utilization: the payoff math,"{""balance"":1400,""limit"":2500}"
235,min_trap,"What the minimum payment really costs on $14,000","{""balance"":14000,""apr"":16,""min_pct"":1,""min_floor"":25}"
236,extra_payment,"Add $75 a month to a $12,000 balance. Watch what happens","{""balance"":12000,""apr"":23,""payment"":360,""extra"":75}"
237,min_trap,"Paying only the minimum on $14,250 takes HOW long?","{""balance"":14250,""apr"":25,""min_pct"":1,""min_floor"":25}"
238,utilization,"How much to pay to get under 30% utilization on a $2,500 card","{""balance"":2100,""limit"":2500}"
239,payment_ladder,"The monthly payment that clears $20,250 fastest","{""balance"":20250,""apr"":28,""payments"":[525,800,1050]}"
240,snowball_vs_avalanche,"Snowball vs Avalanche on $27,900. Which wins?","{""debts"":[{""name"":""Card D"",""balance"":9700,""apr"":13,""min"":240},{""name"":""Store card"",""balance"":13800,""apr"":16,""min"":345},{""name"":""Card C"",""balance"":4400,""apr"":24,""min"":110}],""budget"":1295}"
241,min_trap,"Why your $4,000 card balance never goes down","{""balance"":4000,""apr"":25,""min_pct"":1,""min_floor"":25}"
242,extra_payment,"$16,500 at 19% APR: what an extra payment changes","{""balance"":16500,""apr"":19,""payment"":440,""extra"":25}"
243,snowball_vs_avalanche,"Smallest balance first or highest APR first? $31,300 test","{""debts"":[{""name"":""Card A"",""balance"":900,""apr"":22,""min"":25},{""name"":""Card B"",""balance"":3400,""apr"":22,""min"":85},{""name"":""Personal loan"",""balance"":1900,""apr"":27,""min"":50},{""name"":""Store card"",""balance"":14700,""apr"":25,""min"":370},{""name"":""Card D"",""balance"":10400,""apr"":29,""min"":260}],""budget"":1290}"
244,min_trap,"What the minimum payment really costs on $9,500","{""balance"":9500,""apr"":25,""min_pct"":1,""min_floor"":25}"
245,balance_transfer,"Balance transfer math on $18,750 at 27% APR","{""balance"":18750,""apr"":27,""payment"":910,""promo_months"":21,""fee_pct"":3}"
246,payment_ladder,"The monthly payment that clears $6,750 fastest","{""balance"":6750,""apr"":20,""payments"":[175,250,350]}"
247,snowball_vs_avalanche,"5 debts, $51,800 total. Snowball or Avalanche?","{""debts"":[{""name"":""Personal loan"",""balance"":14000,""apr"":13,""min"":350},{""name"":""Card A"",""balance"":9800,""apr"":13,""min"":245},{""name"":""Card D"",""balance"":7300,""apr"":27,""min"":180},{""name"":""Card B"",""balance"":6300,""apr"":23,""min"":160},{""name"":""Store card"",""balance"":14400,""apr"":20,""min"":360}],""budget"":1395}"
248,payment_ladder,"$12,500 of debt: paying $275, $400 or $550 a month?","{""balance"":12500,""apr"":26,""payments"":[275,400,550]}"
249,apr_gap,"What a 26% APR really costs on $16,750","{""balance"":16750,""apr_high"":26,""apr_low"":14,""payment"":550}"
250,balance_transfer,"Balance transfer math on $14,500 at 24% APR","{""balance"":14500,""apr"":24,""payment"":760,""promo_months"":15,""fee_pct"":4}"
251,min_trap,"The minimum payment trap on $10,500 of credit card debt","{""balance"":10500,""apr"":28,""min_pct"":1,""min_floor"":25}"
252,payment_ladder,"What changes if you pay $850 instead of $425? ($16,000)","{""balance"":16000,""apr"":27,""payments"":[425,650,850]}"
253,extra_payment,"The $200 trick that saves months on $16,500 of debt","{""balance"":16500,""apr"":26,""payment"":470,""extra"":200}"
254,min_trap,"$5,750 at 19% APR, minimum payments only. Brutal math","{""balance"":5750,""apr"":19,""min_pct"":1,""min_floor"":25}"
255,extra_payment,"The $150 trick that saves months on $9,500 of debt","{""balance"":9500,""apr"":26,""payment"":350,""extra"":150}"
256,utilization,37% credit utilization: the payoff math,"{""balance"":2800,""limit"":7500}"
257,payment_ladder,"$18,500 of debt: paying $450, $675 or $900 a month?","{""balance"":18500,""apr"":29,""payments"":[450,675,900]}"
258,utilization,"The credit utilization math on a $3,000 limit","{""balance"":2650,""limit"":3000}"
259,extra_payment,"The $400 trick that saves months on $40,750 of debt","{""balance"":40750,""apr"":27,""payment"":1260,""extra"":400}"
260,utilization,"Your $2,450 balance on a $4,000 limit is hurting your score","{""balance"":2450,""limit"":4000}"
261,min_trap,"Paying only the minimum on $17,500 takes HOW long?","{""balance"":17500,""apr"":16,""min_pct"":1,""min_floor"":25}"
262,apr_gap,"$5,750 at 26% or 17%? The difference is wild","{""balance"":5750,""apr_high"":26,""apr_low"":17,""payment"":250}"
263,utilization,35% credit utilization: the payoff math,"{""balance"":1050,""limit"":3000}"
264,payment_ladder,"Pick your payment: $15,000 at 20% APR","{""balance"":15000,""apr"":20,""payments"":[425,650,850]}"
265,utilization,"Your $8,300 balance on a $10,000 limit is hurting your score","{""balance"":8300,""limit"":10000}"
266,balance_transfer,"Does a 0% balance transfer work on $4,250?","{""balance"":4250,""apr"":24,""payment"":150,""promo_months"":21,""fee_pct"":3}"
267,utilization,"How much to pay before the statement closes ($4,150 on $5,000)","{""balance"":4150,""limit"":5000}"
268,balance_transfer,"Does a 0% balance transfer work on $15,250?","{""balance"":15250,""apr"":20,""payment"":860,""promo_months"":12,""fee_pct"":3}"
269,utilization,"Your $6,450 balance on a $15,000 limit is hurting your score","{""balance"":6450,""limit"":15000}"
270,min_trap,"What the minimum payment really costs on $2,250","{""balance"":2250,""apr"":15,""min_pct"":1,""min_floor"":25}"
271,payment_ladder,"The monthly payment that clears $12,250 fastest","{""balance"":12250,""apr"":16,""payments"":[300,450,600]}"
272,min_trap,"Paying only the minimum on $5,750 takes HOW long?","{""balance"":5750,""apr"":18,""min_pct"":1,""min_floor"":25}"
273,utilization,"Your $450 balance on a $1,000 limit is hurting your score","{""balance"":450,""limit"":1000}"
274,extra_payment,"$49,250 at 22% APR: what an extra payment changes","{""balance"":49250,""apr"":22,""payment"":1560,""extra"":400}"
275,payment_ladder,"$24,250 of debt: paying $700, $1,050 or $1,400 a month?","{""balance"":24250,""apr"":22,""payments"":[700,1050,1400]}"
276,extra_payment,"$12,750 at 16% APR: what an extra payment changes","{""balance"":12750,""apr"":16,""payment"":330,""extra"":75}"
277,payment_ladder,"Pick your payment: $22,250 at 23% APR","{""balance"":22250,""apr"":23,""payments"":[500,750,1000]}"
278,min_trap,"Paying only the minimum on $15,250 takes HOW long?","{""balance"":15250,""apr"":29,""min_pct"":1,""min_floor"":25}"
279,extra_payment,"$50,000 at 21% APR: what an extra payment changes","{""balance"":50000,""apr"":21,""payment"":1580,""extra"":400}"
280,balance_transfer,"Is a balance transfer worth it? $16,000 test","{""balance"":16000,""apr"":27,""payment"":900,""promo_months"":21,""fee_pct"":3}"
281,utilization,"How much to pay before the statement closes ($1,450 on $2,000)","{""balance"":1450,""limit"":2000}"
282,balance_transfer,"Is a balance transfer worth it? $18,250 test","{""balance"":18250,""apr"":23,""payment"":1010,""promo_months"":21,""fee_pct"":3}"
283,apr_gap,"Same $4,750 debt: 27% APR vs 13% APR","{""balance"":4750,""apr_high"":27,""apr_low"":13,""payment"":150}"
284,min_trap,"What the minimum payment really costs on $15,000","{""balance"":15000,""apr"":29,""min_pct"":1,""min_floor"":25}"
285,payment_ladder,"$9,250 of debt: paying $275, $400 or $550 a month?","{""balance"":9250,""apr"":24,""payments"":[275,400,550]}"
286,utilization,88% credit utilization: the payoff math,"{""balance"":2200,""limit"":2500}"
287,min_trap,"What the minimum payment really costs on $13,000","{""balance"":13000,""apr"":27,""min_pct"":1,""min_floor"":25}"
288,snowball_vs_avalanche,"4 debts, two methods: Snowball vs Avalanche","{""debts"":[{""name"":""Personal loan"",""balance"":8500,""apr"":14,""min"":210},{""name"":""Card C"",""balance"":2500,""apr"":15,""min"":60},{""name"":""Card B"",""balance"":7100,""apr"":17,""min"":180},{""name"":""Card D"",""balance"":6000,""apr"":19,""min"":150}],""budget"":1200}"
289,apr_gap,"What a 30% APR really costs on $29,750","{""balance"":29750,""apr_high"":30,""apr_low"":21,""payment"":1220}"
290,min_trap,"$18,500 at 26% APR, minimum payments only. Brutal math","{""balance"":18500,""apr"":26,""min_pct"":1,""min_floor"":25}"
291,snowball_vs_avalanche,"Smallest balance first or highest APR first? $22,700 test","{""debts"":[{""name"":""Card C"",""balance"":1100,""apr"":13,""min"":30},{""name"":""Card A"",""balance"":13200,""apr"":15,""min"":330},{""name"":""Store card"",""balance"":8400,""apr"":28,""min"":210}],""budget"":970}"
292,utilization,42% credit utilization: the payoff math,"{""balance"":1250,""limit"":3000}"
293,min_trap,"Paying only the minimum on $22,750 takes HOW long?","{""balance"":22750,""apr"":15,""min_pct"":1,""min_floor"":25}"
294,utilization,"How much to pay before the statement closes ($1,200 on $2,000)","{""balance"":1200,""limit"":2000}"
295,min_trap,"$2,000 at 17% APR, minimum payments only. Brutal math","{""balance"":2000,""apr"":17,""min_pct"":1,""min_floor"":25}"
296,utilization,"The credit utilization math on a $7,500 limit","{""balance"":4000,""limit"":7500}"
297,payment_ladder,"Pick your payment: $21,750 at 16% APR","{""balance"":21750,""apr"":16,""payments"":[500,750,1000]}"
298,min_trap,"Paying only the minimum on $18,500 takes HOW long?","{""balance"":18500,""apr"":27,""min_pct"":1,""min_floor"":25}"
299,utilization,"Your $13,200 balance on a $20,000 limit is hurting your score","{""balance"":13200,""limit"":20000}"
300,balance_transfer,"Balance transfer math on $18,500 at 27% APR","{""balance"":18500,""apr"":27,""payment"":620,""promo_months"":12,""fee_pct"":5}"
301,min_trap,"Why your $16,000 card balance never goes down","{""balance"":16000,""apr"":16,""min_pct"":1,""min_floor"":25}"
302,utilization,"How much to pay before the statement closes ($1,500 on $4,000)","{""balance"":1500,""limit"":4000}"
303,payment_ladder,"$17,000 of debt: paying $375, $550 or $750 a month?","{""balance"":17000,""apr"":24,""payments"":[375,550,750]}"
304,extra_payment,"$11,750 at 21% APR: what an extra payment changes","{""balance"":11750,""apr"":21,""payment"":310,""extra"":100}"
305,min_trap,"Paying only the minimum on $9,500 takes HOW long?","{""balance"":9500,""apr"":17,""min_pct"":1,""min_floor"":25}"
306,payment_ladder,"How long $4,750 takes at $125 vs $250 a month","{""balance"":4750,""apr"":20,""payments"":[125,200,250]}"
307,utilization,"Your $2,600 balance on a $3,000 limit is hurting your score","{""balance"":2600,""limit"":3000}"
308,balance_transfer,"5% fee vs 24% APR: the $19,750 balance transfer test","{""balance"":19750,""apr"":24,""payment"":600,""promo_months"":12,""fee_pct"":5}"
309,min_trap,"Why your $6,250 card balance never goes down","{""balance"":6250,""apr"":23,""min_pct"":1,""min_floor"":25}"
310,balance_transfer,"0% for 18 months on $3,250: worth the 3% fee?","{""balance"":3250,""apr"":23,""payment"":170,""promo_months"":18,""fee_pct"":3}"
311,min_trap,"What the minimum payment really costs on $23,500","{""balance"":23500,""apr"":26,""min_pct"":1,""min_floor"":25}"
312,payment_ladder,"The monthly payment that clears $18,000 fastest","{""balance"":18000,""apr"":19,""payments"":[475,700,950]}"
313,apr_gap,"How much a lower APR changes on $12,000","{""balance"":12000,""apr_high"":25,""apr_low"":16,""payment"":500}"
314,extra_payment,"$45,250 at 25%: paying $1,610 vs $2,110 a month","{""balance"":45250,""apr"":25,""payment"":1610,""extra"":500}"
315,min_trap,"Paying only the minimum on $15,750 takes HOW long?","{""balance"":15750,""apr"":21,""min_pct"":1,""min_floor"":25}"
316,balance_transfer,"Does a 0% balance transfer work on $8,250?","{""balance"":8250,""apr"":24,""payment"":480,""promo_months"":21,""fee_pct"":4}"
317,extra_payment,"Add $200 a month to a $11,750 balance. Watch what happens","{""balance"":11750,""apr"":18,""payment"":380,""extra"":200}"
318,utilization,"Your $4,800 balance on a $7,500 limit is hurting your score","{""balance"":4800,""limit"":7500}"
319,min_trap,"Why your $19,250 card balance never goes down","{""balance"":19250,""apr"":24,""min_pct"":1,""min_floor"":25}"
320,utilization,"How much to pay before the statement closes ($1,800 on $3,000)","{""balance"":1800,""limit"":3000}"
321,extra_payment,"$41,000 at 29% APR: what an extra payment changes","{""balance"":41000,""apr"":29,""payment"":1180,""extra"":75}"
322,utilization,"How much to pay to get under 30% utilization on a $10,000 card","{""balance"":5000,""limit"":10000}"
323,payment_ladder,"What changes if you pay $650 instead of $325? ($11,000)","{""balance"":11000,""apr"":26,""payments"":[325,500,650]}"
324,snowball_vs_avalanche,"Smallest balance first or highest APR first? $39,200 test","{""debts"":[{""name"":""Store card"",""balance"":8400,""apr"":27,""min"":210},{""name"":""Card A"",""balance"":8700,""apr"":17,""min"":220},{""name"":""Card C"",""balance"":1100,""apr"":19,""min"":30},{""name"":""Card D"",""balance"":8800,""apr"":17,""min"":220},{""name"":""Card B"",""balance"":12200,""apr"":13,""min"":305}],""budget"":1385}"
325,payment_ladder,"The monthly payment that clears $11,500 fastest","{""balance"":11500,""apr"":21,""payments"":[275,400,550]}"
326,utilization,"Your $500 balance on a $1,500 limit is hurting your score","{""balance"":500,""limit"":1500}"
327,balance_transfer,"0% for 21 months on $11,250: worth the 5% fee?","{""balance"":11250,""apr"":27,""payment"":350,""promo_months"":21,""fee_pct"":5}"
328,apr_gap,"Same $24,750 debt: 25% APR vs 12% APR","{""balance"":24750,""apr_high"":25,""apr_low"":12,""payment"":1040}"
329,payment_ladder,"The monthly payment that clears $16,500 fastest","{""balance"":16500,""apr"":28,""payments"":[425,650,850]}"
330,min_trap,"The minimum payment trap on $15,750 of credit card debt","{""balance"":15750,""apr"":19,""min_pct"":1,""min_floor"":25}"
331,utilization,"How much to pay to get under 30% utilization on a $7,500 card","{""balance"":5100,""limit"":7500}"
332,min_trap,"$10,000 at 27% APR, minimum payments only. Brutal math","{""balance"":10000,""apr"":27,""min_pct"":1,""min_floor"":25}"
333,utilization,"Your $1,450 balance on a $3,000 limit is hurting your score","{""balance"":1450,""limit"":3000}"
334,payment_ladder,"What changes if you pay $1,000 instead of $500? ($19,750)","{""balance"":19750,""apr"":20,""payments"":[500,750,1000]}"
335,extra_payment,"$9,000 at 18%: paying $240 vs $365 a month","{""balance"":9000,""apr"":18,""payment"":240,""extra"":125}"
336,utilization,40% credit utilization: the payoff math,"{""balance"":800,""limit"":2000}"
337,extra_payment,"$32,500 at 24%: paying $1,290 vs $1,540 a month","{""balance"":32500,""apr"":24,""payment"":1290,""extra"":250}"
338,utilization,"Your $8,500 balance on a $12,000 limit is hurting your score","{""balance"":8500,""limit"":12000}"
339,balance_transfer,"Is a balance transfer worth it? $6,000 test","{""balance"":6000,""apr"":21,""payment"":260,""promo_months"":15,""fee_pct"":5}"
340,utilization,"How much to pay before the statement closes ($750 on $1,500)","{""balance"":750,""limit"":1500}"
341,min_trap,"What the minimum payment really costs on $19,500","{""balance"":19500,""apr"":17,""min_pct"":1,""min_floor"":25}"
342,balance_transfer,"Does a 0% balance transfer work on $18,000?","{""balance"":18000,""apr"":22,""payment"":870,""promo_months"":18,""fee_pct"":3}"
343,payment_ladder,"$13,500 of debt: paying $325, $500 or $650 a month?","{""balance"":13500,""apr"":24,""payments"":[325,500,650]}"
344,extra_payment,"How $250 extra per month kills $22,000 of debt faster","{""balance"":22000,""apr"":27,""payment"":560,""extra"":250}"
345,balance_transfer,"Does a 0% balance transfer work on $12,250?","{""balance"":12250,""apr"":25,""payment"":640,""promo_months"":18,""fee_pct"":4}"
346,min_trap,"What the minimum payment really costs on $16,250","{""balance"":16250,""apr"":26,""min_pct"":1,""min_floor"":25}"
347,utilization,"Your $2,050 balance on a $3,000 limit is hurting your score","{""balance"":2050,""limit"":3000}"
348,balance_transfer,"0% for 18 months on $8,750: worth the 5% fee?","{""balance"":8750,""apr"":20,""payment"":270,""promo_months"":18,""fee_pct"":5}"
349,payment_ladder,"The monthly payment that clears $13,750 fastest","{""balance"":13750,""apr"":17,""payments"":[375,550,750]}"
350,utilization,"Your $400 balance on a $1,000 limit is hurting your score","{""balance"":400,""limit"":1000}"
351,min_trap,"The minimum payment trap on $18,000 of credit card debt","{""balance"":18000,""apr"":29,""min_pct"":1,""min_floor"":25}"
352,balance_transfer,"Does a 0% balance transfer work on $19,000?","{""balance"":19000,""apr"":24,""payment"":610,""promo_months"":18,""fee_pct"":4}"
353,payment_ladder,"How long $23,500 takes at $650 vs $1,300 a month","{""balance"":23500,""apr"":21,""payments"":[650,975,1300]}"
354,min_trap,"What the minimum payment really costs on $5,000","{""balance"":5000,""apr"":19,""min_pct"":1,""min_floor"":25}"
355,payment_ladder,"How long $3,000 takes at $75 vs $150 a month","{""balance"":3000,""apr"":26,""payments"":[75,100,150]}"
356,balance_transfer,"Balance transfer math on $17,250 at 28% APR","{""balance"":17250,""apr"":28,""payment"":820,""promo_months"":12,""fee_pct"":4}"
357,min_trap,"$2,750 at 19% APR, minimum payments only. Brutal math","{""balance"":2750,""apr"":19,""min_pct"":1,""min_floor"":25}"
358,balance_transfer,"Balance transfer math on $13,500 at 27% APR","{""balance"":13500,""apr"":27,""payment"":570,""promo_months"":18,""fee_pct"":3}"
359,payment_ladder,"Pick your payment: $8,750 at 20% APR","{""balance"":8750,""apr"":20,""payments"":[225,350,450]}"
360,balance_transfer,"Is a balance transfer worth it? $11,250 test","{""balance"":11250,""apr"":25,""payment"":510,""promo_months"":18,""fee_pct"":5}"
361,snowball_vs_avalanche,"4 debts, $36,700 total. Snowball or Avalanche?","{""debts"":[{""name"":""Card C"",""balance"":8200,""apr"":22,""min"":205},{""name"":""Card B"",""balance"":14700,""apr"":25,""min"":370},{""name"":""Store card"",""balance"":1600,""apr"":28,""min"":40},{""name"":""Card A"",""balance"":12200,""apr"":25,""min"":305}],""budget"":1420}"
362,extra_payment,"$32,500 at 21%: paying $850 vs $1,050 a month","{""balance"":32500,""apr"":21,""payment"":850,""extra"":200}"
363,balance_transfer,"Is a balance transfer worth it? $2,500 test","{""balance"":2500,""apr"":29,""payment"":110,""promo_months"":18,""fee_pct"":3}"
364,utilization,"Your $7,700 balance on a $10,000 limit is hurting your score","{""balance"":7700,""limit"":10000}"
365,balance_transfer,"Does a 0% balance transfer work on $13,750?","{""balance"":13750,""apr"":23,""payment"":660,""promo_months"":12,""fee_pct"":4}"
366,payment_ladder,"What changes if you pay $350 instead of $175? ($7,000)","{""balance"":7000,""apr"":16,""payments"":[175,250,350]}"
367,utilization,"How much to pay before the statement closes ($2,350 on $5,000)","{""balance"":2350,""limit"":5000}"
368,apr_gap,"$13,250 at 28% or 13%? The difference is wild","{""balance"":13250,""apr_high"":28,""apr_low"":13,""payment"":470}"
369,balance_transfer,"Does a 0% balance transfer work on $17,500?","{""balance"":17500,""apr"":24,""payment"":750,""promo_months"":12,""fee_pct"":5}"
370,payment_ladder,"What changes if you pay $350 instead of $175? ($7,250)","{""balance"":7250,""apr"":26,""payments"":[175,250,350]}"
371,min_trap,"What the minimum payment really costs on $7,500","{""balance"":7500,""apr"":28,""min_pct"":1,""min_floor"":25}"
372,payment_ladder,"What changes if you pay $550 instead of $275? ($10,000)","{""balance"":10000,""apr"":23,""payments"":[275,400,550]}"
373,min_trap,"Why your $17,500 card balance never goes down","{""balance"":17500,""apr"":26,""min_pct"":1,""min_floor"":25}"
374,payment_ladder,"Pick your payment: $22,500 at 16% APR","{""balance"":22500,""apr"":16,""payments"":[525,800,1050]}"
375,snowball_vs_avalanche,"Debt Snowball vs Avalanche: the real numbers on $38,800","{""debts"":[{""name"":""Personal loan"",""balance"":7600,""apr"":26,""min"":190},{""name"":""Store card"",""balance"":8300,""apr"":23,""min"":210},{""name"":""Card C"",""balance"":5100,""apr"":22,""min"":130},{""name"":""Card D"",""balance"":6500,""apr"":12,""min"":160},{""name"":""Card A"",""balance"":11300,""apr"":23,""min"":280}],""budget"":1570}"
376,apr_gap,Is your 30% APR costing you this much?,"{""balance"":7250,""apr_high"":30,""apr_low"":23,""payment"":310}"
377,utilization,"The credit utilization math on a $10,000 limit","{""balance"":6900,""limit"":10000}"
378,apr_gap,"$7,250 at 27% or 14%? The difference is wild","{""balance"":7250,""apr_high"":27,""apr_low"":14,""payment"":220}"
379,payment_ladder,"The monthly payment that clears $12,500 fastest","{""balance"":12500,""apr"":23,""payments"":[325,500,650]}"
380,utilization,84% credit utilization: the payoff math,"{""balance"":2100,""limit"":2500}"
381,apr_gap,"$29,250 at 30% or 17%? The difference is wild","{""balance"":29250,""apr_high"":30,""apr_low"":17,""payment"":1140}"
382,utilization,"Your $550 balance on a $1,500 limit is hurting your score","{""balance"":550,""limit"":1500}"
383,payment_ladder,"How long $21,750 takes at $625 vs $1,250 a month","{""balance"":21750,""apr"":25,""payments"":[625,950,1250]}"
384,balance_transfer,"Is a balance transfer worth it? $5,750 test","{""balance"":5750,""apr"":28,""payment"":250,""promo_months"":15,""fee_pct"":3}"
385,payment_ladder,"Pick your payment: $8,500 at 28% APR","{""balance"":8500,""apr"":28,""payments"":[200,300,400]}"
386,utilization,"How much to pay before the statement closes ($5,600 on $7,500)","{""balance"":5600,""limit"":7500}"
387,snowball_vs_avalanche,"Snowball vs Avalanche on $29,300. Which wins?","{""debts"":[{""name"":""Card C"",""balance"":4900,""apr"":26,""min"":120},{""name"":""Card D"",""balance"":3300,""apr"":19,""min"":80},{""name"":""Store card"",""balance"":1800,""apr"":20,""min"":45},{""name"":""Card B"",""balance"":5900,""apr"":29,""min"":150},{""name"":""Card A"",""balance"":13400,""apr"":27,""min"":335}],""budget"":1030}"
388,min_trap,"The minimum payment trap on $18,500 of credit card debt","{""balance"":18500,""apr"":19,""min_pct"":1,""min_floor"":25}"
389,payment_ladder,"$20,250 of debt: paying $475, $700 or $950 a month?","{""balance"":20250,""apr"":20,""payments"":[475,700,950]}"
390,min_trap,"$20,000 at 29% APR, minimum payments only. Brutal math","{""balance"":20000,""apr"":29,""min_pct"":1,""min_floor"":25}"
391,payment_ladder,"Pick your payment: $4,250 at 20% APR","{""balance"":4250,""apr"":20,""payments"":[125,200,250]}"
392,apr_gap,"$10,000 at 30% or 16%? The difference is wild","{""balance"":10000,""apr_high"":30,""apr_low"":16,""payment"":260}"
393,payment_ladder,"What changes if you pay $600 instead of $300? ($10,750)","{""balance"":10750,""apr"":18,""payments"":[300,450,600]}"
394,min_trap,"$4,250 at 26% APR, minimum payments only. Brutal math","{""balance"":4250,""apr"":26,""min_pct"":1,""min_floor"":25}"
395,extra_payment,"How $250 extra per month kills $36,250 of debt faster","{""balance"":36250,""apr"":19,""payment"":1250,""extra"":250}"
396,payment_ladder,"What changes if you pay $200 instead of $100? ($3,750)","{""balance"":3750,""apr"":26,""payments"":[100,150,200]}"
397,min_trap,"The minimum payment trap on $22,750 of credit card debt","{""balance"":22750,""apr"":24,""min_pct"":1,""min_floor"":25}"
398,apr_gap,"What a 29% APR really costs on $12,000","{""balance"":12000,""apr_high"":29,""apr_low"":21,""payment"":520}"
399,balance_transfer,"4% fee vs 20% APR: the $7,500 balance transfer test","{""balance"":7500,""apr"":20,""payment"":250,""promo_months"":18,""fee_pct"":4}"
400,min_trap,"Paying only the minimum on $1,500 takes HOW long?","{""balance"":1500,""apr"":28,""min_pct"":1,""min_floor"":25}"
401,balance_transfer,"0% for 18 months on $14,750: worth the 5% fee?","{""balance"":14750,""apr"":23,""payment"":680,""promo_months"":18,""fee_pct"":5}"
402,min_trap,"Why your $19,000 card balance never goes down","{""balance"":19000,""apr"":17,""min_pct"":1,""min_floor"":25}"
403,balance_transfer,"Balance transfer math on $6,500 at 20% APR","{""balance"":6500,""apr"":20,""payment"":240,""promo_months"":15,""fee_pct"":3}"
404,min_trap,"What the minimum payment really costs on $20,000","{""balance"":20000,""apr"":20,""min_pct"":1,""min_floor"":25}"
405,balance_transfer,"Is a balance transfer worth it? $2,000 test","{""balance"":2000,""apr"":26,""payment"":80,""promo_months"":12,""fee_pct"":5}"
406,snowball_vs_avalanche,"Smallest balance first or highest APR first? $29,800 test","{""debts"":[{""name"":""Store card"",""balance"":12000,""apr"":21,""min"":300},{""name"":""Card D"",""balance"":7700,""apr"":21,""min"":190},{""name"":""Card B"",""balance"":10100,""apr"":14,""min"":250}],""budget"":1140}"
407,apr_gap,"How much a lower APR changes on $7,250","{""balance"":7250,""apr_high"":28,""apr_low"":14,""payment"":270}"
408,min_trap,"$2,000 at 26% APR, minimum payments only. Brutal math","{""balance"":2000,""apr"":26,""min_pct"":1,""min_floor"":25}"
409,balance_transfer,"0% for 21 months on $3,750: worth the 3% fee?","{""balance"":3750,""apr"":23,""payment"":110,""promo_months"":21,""fee_pct"":3}"
410,utilization,"How much to pay before the statement closes ($2,650 on $4,000)","{""balance"":2650,""limit"":4000}"
411,balance_transfer,"Is a balance transfer worth it? $3,000 test","{""balance"":3000,""apr"":21,""payment"":170,""promo_months"":15,""fee_pct"":5}"
412,snowball_vs_avalanche,"Snowball vs Avalanche on $24,400. Which wins?","{""debts"":[{""name"":""Store card"",""balance"":12100,""apr"":27,""min"":300},{""name"":""Card B"",""balance"":5200,""apr"":19,""min"":130},{""name"":""Personal loan"",""balance"":7100,""apr"":27,""min"":180}],""budget"":760}"
413,utilization,"How much to pay before the statement closes ($4,550 on $12,000)","{""balance"":4550,""limit"":12000}"
414,apr_gap,"$23,750 at 26% or 15%? The difference is wild","{""balance"":23750,""apr_high"":26,""apr_low"":15,""payment"":650}"
415,min_trap,"The minimum payment trap on $23,750 of credit card debt","{""balance"":23750,""apr"":16,""min_pct"":1,""min_floor"":25}"
416,snowball_vs_avalanche,"2 debts, $18,700 total. Snowball or Avalanche?","{""debts"":[{""name"":""Card C"",""balance"":7500,""apr"":26,""min"":190},{""name"":""Store card"",""balance"":11200,""apr"":23,""min"":280}],""budget"":970}"
417,payment_ladder,"$2,500 of debt: paying $75, $100 or $150 a month?","{""balance"":2500,""apr"":24,""payments"":[75,100,150]}"
418,utilization,82% credit utilization: the payoff math,"{""balance"":8200,""limit"":10000}"
419,apr_gap,"Same $2,750 debt: 27% APR vs 19% APR","{""balance"":2750,""apr_high"":27,""apr_low"":19,""payment"":70}"
420,min_trap,"Why your $3,000 card balance never goes down","{""balance"":3000,""apr"":20,""min_pct"":1,""min_floor"":25}"
421,extra_payment,"The $250 trick that saves months on $49,000 of debt","{""balance"":49000,""apr"":21,""payment"":1260,""extra"":250}"
422,utilization,59% credit utilization: the payoff math,"{""balance"":4400,""limit"":7500}"
423,payment_ladder,"The monthly payment that clears $23,250 fastest","{""balance"":23250,""apr"":25,""payments"":[600,900,1200]}"
424,min_trap,"Paying only the minimum on $11,250 takes HOW long?","{""balance"":11250,""apr"":24,""min_pct"":1,""min_floor"":25}"
425,apr_gap,"$14,750 at 27% or 12%? The difference is wild","{""balance"":14750,""apr_high"":27,""apr_low"":12,""payment"":420}"
426,payment_ladder,"The monthly payment that clears $6,500 fastest","{""balance"":6500,""apr"":21,""payments"":[200,300,400]}"
427,utilization,"Your $11,800 balance on a $20,000 limit is hurting your score","{""balance"":11800,""limit"":20000}"
428,min_trap,"Why your $17,250 card balance never goes down","{""balance"":17250,""apr"":18,""min_pct"":1,""min_floor"":25}"
429,utilization,64% credit utilization: the payoff math,"{""balance"":12800,""limit"":20000}"
430,balance_transfer,"0% for 21 months on $6,000: worth the 4% fee?","{""balance"":6000,""apr"":23,""payment"":320,""promo_months"":21,""fee_pct"":4}"
431,min_trap,"The minimum payment trap on $20,500 of credit card debt","{""balance"":20500,""apr"":19,""min_pct"":1,""min_floor"":25}"
432,utilization,"Your $9,400 balance on a $10,000 limit is hurting your score","{""balance"":9400,""limit"":10000}"
433,min_trap,"$13,250 at 28% APR, minimum payments only. Brutal math","{""balance"":13250,""apr"":28,""min_pct"":1,""min_floor"":25}"
434,payment_ladder,"Pick your payment: $9,250 at 16% APR","{""balance"":9250,""apr"":16,""payments"":[250,375,500]}"
435,min_trap,"Paying only the minimum on $17,000 takes HOW long?","{""balance"":17000,""apr"":22,""min_pct"":1,""min_floor"":25}"
436,apr_gap,"What a 26% APR really costs on $21,750","{""balance"":21750,""apr_high"":26,""apr_low"":16,""payment"":850}"
437,payment_ladder,"What changes if you pay $850 instead of $425? ($16,750)","{""balance"":16750,""apr"":17,""payments"":[425,650,850]}"
438,extra_payment,"$22,500 at 27% APR: what an extra payment changes","{""balance"":22500,""apr"":27,""payment"":730,""extra"":250}"
439,min_trap,"$3,000 at 15% APR, minimum payments only. Brutal math","{""balance"":3000,""apr"":15,""min_pct"":1,""min_floor"":25}"
440,utilization,"How much to pay before the statement closes ($1,250 on $2,000)","{""balance"":1250,""limit"":2000}"
441,apr_gap,"What a 27% APR really costs on $4,000","{""balance"":4000,""apr_high"":27,""apr_low"":21,""payment"":150}"
442,min_trap,"Paying only the minimum on $7,500 takes HOW long?","{""balance"":7500,""apr"":24,""min_pct"":1,""min_floor"":25}"
443,apr_gap,"What a 24% APR really costs on $20,750","{""balance"":20750,""apr_high"":24,""apr_low"":16,""payment"":870}"
444,balance_transfer,"0% for 21 months on $18,750: worth the 4% fee?","{""balance"":18750,""apr"":27,""payment"":910,""promo_months"":21,""fee_pct"":4}"
445,extra_payment,"The $300 trick that saves months on $42,500 of debt","{""balance"":42500,""apr"":29,""payment"":1410,""extra"":300}"
446,min_trap,"The minimum payment trap on $20,000 of credit card debt","{""balance"":20000,""apr"":24,""min_pct"":1,""min_floor"":25}"
447,payment_ladder,"What changes if you pay $1,150 instead of $575? ($24,250)","{""balance"":24250,""apr"":20,""payments"":[575,850,1150]}"
448,balance_transfer,"3% fee vs 26% APR: the $11,750 balance transfer test","{""balance"":11750,""apr"":26,""payment"":480,""promo_months"":18,""fee_pct"":3}"
449,payment_ladder,"What changes if you pay $450 instead of $225? ($8,750)","{""balance"":8750,""apr"":16,""payments"":[225,350,450]}"
450,balance_transfer,"4% fee vs 23% APR: the $16,750 balance transfer test","{""balance"":16750,""apr"":23,""payment"":520,""promo_months"":21,""fee_pct"":4}"
451,apr_gap,"What a 30% APR really costs on $15,750","{""balance"":15750,""apr_high"":30,""apr_low"":21,""payment"":430}"
452,payment_ladder,"Pick your payment: $5,000 at 22% APR","{""balance"":5000,""apr"":22,""payments"":[150,225,300]}"
453,apr_gap,"$2,750 at 28% or 20%? The difference is wild","{""balance"":2750,""apr_high"":28,""apr_low"":20,""payment"":110}"
454,snowball_vs_avalanche,"Smallest balance first or highest APR first? $36,800 test","{""debts"":[{""name"":""Personal loan"",""balance"":5200,""apr"":16,""min"":130},{""name"":""Card B"",""balance"":2900,""apr"":22,""min"":70},{""name"":""Store card"",""balance"":14100,""apr"":20,""min"":350},{""name"":""Card C"",""balance"":14600,""apr"":22,""min"":365}],""budget"":1015}"
455,extra_payment,"$28,250 at 27%: paying $890 vs $940 a month","{""balance"":28250,""apr"":27,""payment"":890,""extra"":50}"
456,payment_ladder,"What changes if you pay $350 instead of $175? ($6,500)","{""balance"":6500,""apr"":25,""payments"":[175,250,350]}"
457,balance_transfer,"0% for 18 months on $3,500: worth the 5% fee?","{""balance"":3500,""apr"":20,""payment"":120,""promo_months"":18,""fee_pct"":5}"
458,payment_ladder,"What changes if you pay $1,050 instead of $525? ($20,750)","{""balance"":20750,""apr"":20,""payments"":[525,800,1050]}"
459,extra_payment,"$27,000 at 23% APR: what an extra payment changes","{""balance"":27000,""apr"":23,""payment"":710,""extra"":50}"
460,min_trap,"$15,750 at 26% APR, minimum payments only. Brutal math","{""balance"":15750,""apr"":26,""min_pct"":1,""min_floor"":25}"
461,extra_payment,"$19,250 at 19%: paying $770 vs $1,070 a month","{""balance"":19250,""apr"":19,""payment"":770,""extra"":300}"
462,min_trap,"Why your $22,500 card balance never goes down","{""balance"":22500,""apr"":22,""min_pct"":1,""min_floor"":25}"
463,snowball_vs_avalanche,"5 debts, $35,600 total. Snowball or Avalanche?","{""debts"":[{""name"":""Card D"",""balance"":5600,""apr"":19,""min"":140},{""name"":""Card B"",""balance"":3400,""apr"":14,""min"":85},{""name"":""Card A"",""balance"":6300,""apr"":28,""min"":160},{""name"":""Store card"",""balance"":8500,""apr"":20,""min"":210},{""name"":""Personal loan"",""balance"":11800,""apr"":21,""min"":295}],""budget"":1490}"
464,min_trap,"Paying only the minimum on $3,250 takes HOW long?","{""balance"":3250,""apr"":17,""min_pct"":1,""min_floor"":25}"
465,payment_ladder,"How long $17,000 takes at $500 vs $1,000 a month","{""balance"":17000,""apr"":21,""payments"":[500,750,1000]}"
466,apr_gap,"Same $17,250 debt: 26% APR vs 12% APR","{""balance"":17250,""apr_high"":26,""apr_low"":12,""payment"":600}"
467,min_trap,"Why your $10,750 card balance never goes down","{""balance"":10750,""apr"":22,""min_pct"":1,""min_floor"":25}"
468,extra_payment,"How $75 extra per month kills $48,000 of debt faster","{""balance"":48000,""apr"":21,""payment"":1460,""extra"":75}"
469,apr_gap,"$7,750 at 29% or 20%? The difference is wild","{""balance"":7750,""apr_high"":29,""apr_low"":20,""payment"":210}"
470,balance_transfer,"Balance transfer math on $14,750 at 22% APR","{""balance"":14750,""apr"":22,""payment"":520,""promo_months"":12,""fee_pct"":3}"
471,apr_gap,"What a 30% APR really costs on $29,250","{""balance"":29250,""apr_high"":30,""apr_low"":20,""payment"":870}"
472,min_trap,"The minimum payment trap on $15,000 of credit card debt","{""balance"":15000,""apr"":23,""min_pct"":1,""min_floor"":25}"
473,snowball_vs_avalanche,"Snowball vs Avalanche on $19,800. Which wins?","{""debts"":[{""name"":""Card B"",""balance"":4800,""apr"":17,""min"":120},{""name"":""Personal loan"",""balance"":15000,""apr"":21,""min"":375}],""budget"":645}"
474,payment_ladder,"The monthly payment that clears $18,750 fastest","{""balance"":18750,""apr"":18,""payments"":[425,650,850]}"
475,balance_transfer,"5% fee vs 25% APR: the $6,500 balance transfer test","{""balance"":6500,""apr"":25,""payment"":340,""promo_months"":21,""fee_pct"":5}"
476,utilization,"How much to pay before the statement closes ($2,100 on $5,000)","{""balance"":2100,""limit"":5000}"
477,payment_ladder,"Pick your payment: $9,500 at 16% APR","{""balance"":9500,""apr"":16,""payments"":[250,375,500]}"
478,snowball_vs_avalanche,"2 debts, $18,200 total. Snowball or Avalanche?","{""debts"":[{""name"":""Card D"",""balance"":11700,""apr"":15,""min"":290},{""name"":""Card A"",""balance"":6500,""apr"":27,""min"":160}],""budget"":950}"
479,apr_gap,Is your 24% APR costing you this much?,"{""balance"":11250,""apr_high"":24,""apr_low"":12,""payment"":440}"
480,min_trap,"Why your $19,750 card balance never goes down","{""balance"":19750,""apr"":16,""min_pct"":1,""min_floor"":25}"
481,apr_gap,"$10,000 at 26% or 20%? The difference is wild","{""balance"":10000,""apr_high"":26,""apr_low"":20,""payment"":380}"
482,min_trap,"Paying only the minimum on $19,750 takes HOW long?","{""balance"":19750,""apr"":19,""min_pct"":1,""min_floor"":25}"
483,apr_gap,"How much a lower APR changes on $8,250","{""balance"":8250,""apr_high"":28,""apr_low"":16,""payment"":240}"
484,extra_payment,"The $50 trick that saves months on $31,500 of debt","{""balance"":31500,""apr"":28,""payment"":1090,""extra"":50}"
485,min_trap,"The minimum payment trap on $1,500 of credit card debt","{""balance"":1500,""apr"":28,""min_pct"":1,""min_floor"":25}"
486,apr_gap,"Same $9,250 debt: 30% APR vs 21% APR","{""balance"":9250,""apr_high"":30,""apr_low"":21,""payment"":350}"
487,payment_ladder,"Pick your payment: $8,750 at 16% APR","{""balance"":8750,""apr"":16,""payments"":[250,375,500]}"
488,apr_gap,"What a 28% APR really costs on $18,500","{""balance"":18500,""apr_high"":28,""apr_low"":12,""payment"":590}"
489,snowball_vs_avalanche,"2 debts, $7,100 total. Snowball or Avalanche?","{""debts"":[{""name"":""Card A"",""balance"":2000,""apr"":24,""min"":50},{""name"":""Personal loan"",""balance"":5100,""apr"":13,""min"":130}],""budget"":280}"
490,apr_gap,"What a 26% APR really costs on $13,250","{""balance"":13250,""apr_high"":26,""apr_low"":14,""payment"":330}"
491,extra_payment,"Add $200 a month to a $37,750 balance. Watch what happens","{""balance"":37750,""apr"":21,""payment"":1110,""extra"":200}"
492,apr_gap,"What a 24% APR really costs on $30,000","{""balance"":30000,""apr_high"":24,""apr_low"":12,""payment"":810}"
493,payment_ladder,"Pick your payment: $4,750 at 23% APR","{""balance"":4750,""apr"":23,""payments"":[100,150,200]}"
494,apr_gap,"Same $25,250 debt: 30% APR vs 21% APR","{""balance"":25250,""apr_high"":30,""apr_low"":21,""payment"":770}"
495,extra_payment,"Add $50 a month to a $8,000 balance. Watch what happens","{""balance"":8000,""apr"":26,""payment"":230,""extra"":50}"
496,min_trap,"Paying only the minimum on $14,750 takes HOW long?","{""balance"":14750,""apr"":15,""min_pct"":1,""min_floor"":25}"
497,balance_transfer,"5% fee vs 26% APR: the $15,000 balance transfer test","{""balance"":15000,""apr"":26,""payment"":570,""promo_months"":18,""fee_pct"":5}"
498,min_trap,"$11,250 at 20% APR, minimum payments only. Brutal math","{""balance"":11250,""apr"":20,""min_pct"":1,""min_floor"":25}"
499,balance_transfer,"Is a balance transfer worth it? $4,000 test","{""balance"":4000,""apr"":22,""payment"":210,""promo_months"":18,""fee_pct"":5}"
500,utilization,"How much to pay before the statement closes ($13,200 on $20,000)","{""balance"":13200,""limit"":20000}"
501,apr_gap,"$19,500 at 27% or 21%? The difference is wild","{""balance"":19500,""apr_high"":27,""apr_low"":21,""payment"":590}"
502,min_trap,"Paying only the minimum on $4,000 takes HOW long?","{""balance"":4000,""apr"":26,""min_pct"":1,""min_floor"":25}"
503,apr_gap,"$15,000 at 25% or 17%? The difference is wild","{""balance"":15000,""apr_high"":25,""apr_low"":17,""payment"":620}"
504,balance_transfer,"3% fee vs 20% APR: the $19,750 balance transfer test","{""balance"":19750,""apr"":20,""payment"":1080,""promo_months"":12,""fee_pct"":3}"
505,min_trap,"The minimum payment trap on $23,500 of credit card debt","{""balance"":23500,""apr"":19,""min_pct"":1,""min_floor"":25}"
506,apr_gap,Is your 26% APR costing you this much?,"{""balance"":29000,""apr_high"":26,""apr_low"":12,""payment"":1010}"
507,min_trap,"What the minimum payment really costs on $4,750","{""balance"":4750,""apr"":29,""min_pct"":1,""min_floor"":25}"
508,balance_transfer,"Does a 0% balance transfer work on $11,500?","{""balance"":11500,""apr"":25,""payment"":600,""promo_months"":21,""fee_pct"":5}"
509,apr_gap,"How much a lower APR changes on $10,250","{""balance"":10250,""apr_high"":30,""apr_low"":14,""payment"":390}"
510,payment_ladder,"How long $9,750 takes at $275 vs $550 a month","{""balance"":9750,""apr"":26,""payments"":[275,400,550]}"
511,min_trap,"Why your $2,250 card balance never goes down","{""balance"":2250,""apr"":16,""min_pct"":1,""min_floor"":25}"
512,balance_transfer,"Balance transfer math on $13,750 at 21% APR","{""balance"":13750,""apr"":21,""payment"":570,""promo_months"":21,""fee_pct"":4}"
513,payment_ladder,"What changes if you pay $900 instead of $450? ($19,250)","{""balance"":19250,""apr"":16,""payments"":[450,675,900]}"
514,snowball_vs_avalanche,"Debt Snowball vs Avalanche: the real numbers on $47,700","{""debts"":[{""name"":""Store card"",""balance"":14200,""apr"":28,""min"":355},{""name"":""Personal loan"",""balance"":5300,""apr"":29,""min"":130},{""name"":""Card B"",""balance"":11200,""apr"":18,""min"":280},{""name"":""Card A"",""balance"":4600,""apr"":16,""min"":115},{""name"":""Card C"",""balance"":12400,""apr"":22,""min"":310}],""budget"":1790}"
515,apr_gap,"What a 29% APR really costs on $26,250","{""balance"":26250,""apr_high"":29,""apr_low"":12,""payment"":1140}"
516,min_trap,"What the minimum payment really costs on $22,000","{""balance"":22000,""apr"":26,""min_pct"":1,""min_floor"":25}"
517,snowball_vs_avalanche,"4 debts, $33,500 total. Snowball or Avalanche?","{""debts"":[{""name"":""Card D"",""balance"":13300,""apr"":17,""min"":330},{""name"":""Card C"",""balance"":4200,""apr"":15,""min"":105},{""name"":""Card A"",""balance"":8400,""apr"":20,""min"":210},{""name"":""Personal loan"",""balance"":7600,""apr"":23,""min"":190}],""budget"":1035}"
518,balance_transfer,"3% fee vs 22% APR: the $19,000 balance transfer test","{""balance"":19000,""apr"":22,""payment"":910,""promo_months"":18,""fee_pct"":3}"
519,payment_ladder,"How long $24,500 takes at $725 vs $1,450 a month","{""balance"":24500,""apr"":19,""payments"":[725,1100,1450]}"
520,min_trap,"Paying only the minimum on $10,750 takes HOW long?","{""balance"":10750,""apr"":17,""min_pct"":1,""min_floor"":25}"
521,snowball_vs_avalanche,"Smallest balance first or highest APR first? $31,900 test","{""debts"":[{""name"":""Card B"",""balance"":8800,""apr"":22,""min"":220},{""name"":""Personal loan"",""balance"":14700,""apr"":25,""min"":370},{""name"":""Store card"",""balance"":2700,""apr"":13,""min"":70},{""name"":""Card C"",""balance"":5700,""apr"":20,""min"":140}],""budget"":1200}"
522,utilization,61% credit utilization: the payoff math,"{""balance"":6100,""limit"":10000}"
523,balance_transfer,"0% for 21 months on $4,500: worth the 3% fee?","{""balance"":4500,""apr"":28,""payment"":190,""promo_months"":21,""fee_pct"":3}"
524,extra_payment,"The $150 trick that saves months on $29,000 of debt","{""balance"":29000,""apr"":26,""payment"":890,""extra"":150}"
525,balance_transfer,"Balance transfer math on $15,750 at 27% APR","{""balance"":15750,""apr"":27,""payment"":640,""promo_months"":12,""fee_pct"":3}"
526,utilization,"How much to pay before the statement closes ($1,500 on $2,500)","{""balance"":1500,""limit"":2500}"
527,snowball_vs_avalanche,"Smallest balance first or highest APR first? $31,800 test","{""debts"":[{""name"":""Card D"",""balance"":5000,""apr"":26,""min"":125},{""name"":""Card C"",""balance"":4000,""apr"":23,""min"":100},{""name"":""Card A"",""balance"":8700,""apr"":21,""min"":220},{""name"":""Personal loan"",""balance"":7900,""apr"":16,""min"":200},{""name"":""Card B"",""balance"":6200,""apr"":28,""min"":155}],""budget"":900}"
528,apr_gap,"Same $4,250 debt: 24% APR vs 15% APR","{""balance"":4250,""apr_high"":24,""apr_low"":15,""payment"":160}"
529,utilization,"Your $1,250 balance on a $1,500 limit is hurting your score","{""balance"":1250,""limit"":1500}"
530,min_trap,"The minimum payment trap on $8,750 of credit card debt","{""balance"":8750,""apr"":17,""min_pct"":1,""min_floor"":25}"
531,apr_gap,"What a 26% APR really costs on $3,250","{""balance"":3250,""apr_high"":26,""apr_low"":13,""payment"":100}"
532,utilization,"How much to pay before the statement closes ($750 on $1,000)","{""balance"":750,""limit"":1000}"
533,min_trap,"What the minimum payment really costs on $7,750","{""balance"":7750,""apr"":15,""min_pct"":1,""min_floor"":25}"
534,extra_payment,"How $75 extra per month kills $3,500 of debt faster","{""balance"":3500,""apr"":22,""payment"":130,""extra"":75}"
535,payment_ladder,"$24,500 of debt: paying $550, $825 or $1,100 a month?","{""balance"":24500,""apr"":22,""payments"":[550,825,1100]}"
536,balance_transfer,"Does a 0% balance transfer work on $9,000?","{""balance"":9000,""apr"":26,""payment"":480,""promo_months"":21,""fee_pct"":5}"
537,apr_gap,"Same $22,250 debt: 24% APR vs 14% APR","{""balance"":22250,""apr_high"":24,""apr_low"":14,""payment"":700}"
538,min_trap,"$8,250 at 16% APR, minimum payments only. Brutal math","{""balance"":8250,""apr"":16,""min_pct"":1,""min_floor"":25}"
539,extra_payment,"How $25 extra per month kills $5,750 of debt faster","{""balance"":5750,""apr"":25,""payment"":210,""extra"":25}"
540,utilization,"How much to pay before the statement closes ($2,750 on $4,000)","{""balance"":2750,""limit"":4000}"
541,min_trap,"Paying only the minimum on $1,250 takes HOW long?","{""balance"":1250,""apr"":17,""min_pct"":1,""min_floor"":25}"
542,utilization,"How much to pay before the statement closes ($6,600 on $10,000)","{""balance"":6600,""limit"":10000}"
543,apr_gap,"$4,000 at 24% or 13%? The difference is wild","{""balance"":4000,""apr_high"":24,""apr_low"":13,""payment"":130}"
544,balance_transfer,"Does a 0% balance transfer work on $10,500?","{""balance"":10500,""apr"":28,""payment"":400,""promo_months"":21,""fee_pct"":5}"
545,utilization,"Your $9,850 balance on a $12,000 limit is hurting your score","{""balance"":9850,""limit"":12000}"
546,min_trap,"What the minimum payment really costs on $24,000","{""balance"":24000,""apr"":19,""min_pct"":1,""min_floor"":25}"
547,apr_gap,"Same $4,500 debt: 27% APR vs 21% APR","{""balance"":4500,""apr_high"":27,""apr_low"":21,""payment"":140}"
548,min_trap,"The minimum payment trap on $9,500 of credit card debt","{""balance"":9500,""apr"":21,""min_pct"":1,""min_floor"":25}"
549,apr_gap,"$17,500 at 27% or 17%? The difference is wild","{""balance"":17500,""apr_high"":27,""apr_low"":17,""payment"":780}"
550,payment_ladder,"What changes if you pay $950 instead of $475? ($18,000)","{""balance"":18000,""apr"":17,""payments"":[475,700,950]}"
551,min_trap,"$7,000 at 16% APR, minimum payments only. Brutal math","{""balance"":7000,""apr"":16,""min_pct"":1,""min_floor"":25}"
552,snowball_vs_avalanche,"Snowball vs Avalanche on $29,800. Which wins?","{""debts"":[{""name"":""Card B"",""balance"":9400,""apr"":19,""min"":235},{""name"":""Personal loan"",""balance"":4400,""apr"":24,""min"":110},{""name"":""Card A"",""balance"":9900,""apr"":29,""min"":250},{""name"":""Card C"",""balance"":6100,""apr"":20,""min"":150}],""budget"":845}"
553,balance_transfer,"0% for 21 months on $16,500: worth the 5% fee?","{""balance"":16500,""apr"":28,""payment"":540,""promo_months"":21,""fee_pct"":5}"
554,extra_payment,"How $300 extra per month kills $41,500 of debt faster","{""balance"":41500,""apr"":16,""payment"":1260,""extra"":300}"
555,snowball_vs_avalanche,"Debt Snowball vs Avalanche: the real numbers on $13,800","{""debts"":[{""name"":""Card B"",""balance"":12500,""apr"":27,""min"":310},{""name"":""Card D"",""balance"":1300,""apr"":28,""min"":30}],""budget"":490}"
556,balance_transfer,"4% fee vs 23% APR: the $13,000 balance transfer test","{""balance"":13000,""apr"":23,""payment"":750,""promo_months"":15,""fee_pct"":4}"
557,min_trap,"The minimum payment trap on $5,000 of credit card debt","{""balance"":5000,""apr"":28,""min_pct"":1,""min_floor"":25}"
558,balance_transfer,"Is a balance transfer worth it? $17,250 test","{""balance"":17250,""apr"":22,""payment"":840,""promo_months"":21,""fee_pct"":5}"
559,extra_payment,"How $200 extra per month kills $36,500 of debt faster","{""balance"":36500,""apr"":15,""payment"":1110,""extra"":200}"
560,snowball_vs_avalanche,"2 debts, $17,700 total. Snowball or Avalanche?","{""debts"":[{""name"":""Personal loan"",""balance"":13900,""apr"":27,""min"":350},{""name"":""Store card"",""balance"":3800,""apr"":17,""min"":95}],""budget"":845}"
561,utilization,"How much to pay before the statement closes ($850 on $1,000)","{""balance"":850,""limit"":1000}"
562,min_trap,"The minimum payment trap on $18,250 of credit card debt","{""balance"":18250,""apr"":22,""min_pct"":1,""min_floor"":25}"
563,payment_ladder,"What changes if you pay $700 instead of $350? ($13,250)","{""balance"":13250,""apr"":17,""payments"":[350,525,700]}"
564,utilization,"How much to pay before the statement closes ($800 on $1,500)","{""balance"":800,""limit"":1500}"
565,apr_gap,"What a 24% APR really costs on $17,500","{""balance"":17500,""apr_high"":24,""apr_low"":16,""payment"":760}"
566,extra_payment,"How $25 extra per month kills $9,500 of debt faster","{""balance"":9500,""apr"":18,""payment"":240,""extra"":25}"
567,min_trap,"The minimum payment trap on $3,000 of credit card debt","{""balance"":3000,""apr"":22,""min_pct"":1,""min_floor"":25}"
568,balance_transfer,"Does a 0% balance transfer work on $13,000?","{""balance"":13000,""apr"":25,""payment"":410,""promo_months"":21,""fee_pct"":5}"
569,utilization,"Your $2,300 balance on a $5,000 limit is hurting your score","{""balance"":2300,""limit"":5000}"
570,apr_gap,"$25,500 at 30% or 17%? The difference is wild","{""balance"":25500,""apr_high"":30,""apr_low"":17,""payment"":1050}"
571,extra_payment,"$35,000 at 21% APR: what an extra payment changes","{""balance"":35000,""apr"":21,""payment"":890,""extra"":400}"
572,apr_gap,"What a 29% APR really costs on $28,250","{""balance"":28250,""apr_high"":29,""apr_low"":14,""payment"":1120}"
573,min_trap,"The minimum payment trap on $23,250 of credit card debt","{""balance"":23250,""apr"":19,""min_pct"":1,""min_floor"":25}"
574,payment_ladder,"How long $9,500 takes at $225 vs $450 a month","{""balance"":9500,""apr"":16,""payments"":[225,350,450]}"
575,apr_gap,"What a 26% APR really costs on $10,500","{""balance"":10500,""apr_high"":26,""apr_low"":15,""payment"":280}"
576,min_trap,"The minimum payment trap on $24,250 of credit card debt","{""balance"":24250,""apr"":26,""min_pct"":1,""min_floor"":25}"
577,balance_transfer,"Does a 0% balance transfer work on $4,000?","{""balance"":4000,""apr"":29,""payment"":140,""promo_months"":18,""fee_pct"":3}"
578,apr_gap,"What a 30% APR really costs on $9,750","{""balance"":9750,""apr_high"":30,""apr_low"":18,""payment"":310}"
579,payment_ladder,"How long $14,250 takes at $325 vs $650 a month","{""balance"":14250,""apr"":18,""payments"":[325,500,650]}"
580,extra_payment,"Add $50 a month to a $48,250 balance. Watch what happens","{""balance"":48250,""apr"":20,""payment"":1240,""extra"":50}"
581,min_trap,"What the minimum payment really costs on $4,500","{""balance"":4500,""apr"":17,""min_pct"":1,""min_floor"":25}"
582,balance_transfer,"0% for 21 months on $5,750: worth the 5% fee?","{""balance"":5750,""apr"":24,""payment"":230,""promo_months"":21,""fee_pct"":5}"
583,utilization,"How much to pay before the statement closes ($1,400 on $2,500)","{""balance"":1400,""limit"":2500}"
584,min_trap,"The minimum payment trap on $14,000 of credit card debt","{""balance"":14000,""apr"":20,""min_pct"":1,""min_floor"":25}"
585,apr_gap,"$8,750 at 28% or 12%? The difference is wild","{""balance"":8750,""apr_high"":28,""apr_low"":12,""payment"":310}"
586,min_trap,"Paying only the minimum on $6,000 takes HOW long?","{""balance"":6000,""apr"":17,""min_pct"":1,""min_floor"":25}"
587,utilization,38% credit utilization: the payoff math,"{""balance"":1900,""limit"":5000}"
588,apr_gap,"How much a lower APR changes on $17,750","{""balance"":17750,""apr_high"":27,""apr_low"":13,""payment"":610}"
589,extra_payment,"How $500 extra per month kills $39,750 of debt faster","{""balance"":39750,""apr"":19,""payment"":1530,""extra"":500}"
590,utilization,58% credit utilization: the payoff math,"{""balance"":2900,""limit"":5000}"
591,min_trap,"Why your $13,000 card balance never goes down","{""balance"":13000,""apr"":26,""min_pct"":1,""min_floor"":25}"
592,balance_transfer,"Balance transfer math on $15,500 at 25% APR","{""balance"":15500,""apr"":25,""payment"":900,""promo_months"":12,""fee_pct"":3}"
593,min_trap,"$19,250 at 15% APR, minimum payments only. Brutal math","{""balance"":19250,""apr"":15,""min_pct"":1,""min_floor"":25}"
594,extra_payment,"How $150 extra per month kills $11,750 of debt faster","{""balance"":11750,""apr"":16,""payment"":310,""extra"":150}"
595,snowball_vs_avalanche,"4 debts, $23,000 total. Snowball or Avalanche?","{""debts"":[{""name"":""Store card"",""balance"":8300,""apr"":25,""min"":210},{""name"":""Personal loan"",""balance"":4700,""apr"":18,""min"":120},{""name"":""Card C"",""balance"":3700,""apr"":29,""min"":90},{""name"":""Card A"",""balance"":6300,""apr"":20,""min"":160}],""budget"":730}"
596,apr_gap,"What a 26% APR really costs on $16,250","{""balance"":16250,""apr_high"":26,""apr_low"":16,""payment"":530}"
597,utilization,"Your $1,400 balance on a $4,000 limit is hurting your score","{""balance"":1400,""limit"":4000}"
598,payment_ladder,"$10,750 of debt: paying $325, $500 or $650 a month?","{""balance"":10750,""apr"":29,""payments"":[325,500,650]}"
599,min_trap,"The minimum payment trap on $19,000 of credit card debt","{""balance"":19000,""apr"":16,""min_pct"":1,""min_floor"":25}"
600,snowball_vs_avalanche,"3 debts, $26,200 total. Snowball or Avalanche?","{""debts"":[{""name"":""Card B"",""balance"":1500,""apr"":27,""min"":40},{""name"":""Store card"",""balance"":14700,""apr"":19,""min"":370},{""name"":""Card A"",""balance"":10000,""apr"":24,""min"":250}],""budget"":1160}"
601,payment_ladder,"The monthly payment that clears $25,000 fastest","{""balance"":25000,""apr"":28,""payments"":[700,1050,1400]}"
602,apr_gap,"Same $28,000 debt: 27% APR vs 16% APR","{""balance"":28000,""apr_high"":27,""apr_low"":16,""payment"":1170}"
603,utilization,"Your $4,050 balance on a $5,000 limit is hurting your score","{""balance"":4050,""limit"":5000}"
604,min_trap,"Why your $8,500 card balance never goes down","{""balance"":8500,""apr"":15,""min_pct"":1,""min_floor"":25}"
605,payment_ladder,"Pick your payment: $23,250 at 28% APR","{""balance"":23250,""apr"":28,""payments"":[700,1050,1400]}"
606,min_trap,"Why your $10,000 card balance never goes down","{""balance"":10000,""apr"":20,""min_pct"":1,""min_floor"":25}"
607,snowball_vs_avalanche,"4 debts, $26,000 total. Snowball or Avalanche?","{""debts"":[{""name"":""Store card"",""balance"":6800,""apr"":27,""min"":170},{""name"":""Card C"",""balance"":6900,""apr"":19,""min"":170},{""name"":""Personal loan"",""balance"":4500,""apr"":20,""min"":110},{""name"":""Card D"",""balance"":7800,""apr"":15,""min"":195}],""budget"":745}"
608,balance_transfer,"5% fee vs 23% APR: the $12,250 balance transfer test","{""balance"":12250,""apr"":23,""payment"":630,""promo_months"":18,""fee_pct"":5}"
609,utilization,49% credit utilization: the payoff math,"{""balance"":2450,""limit"":5000}"
610,payment_ladder,"How long $8,500 takes at $200 vs $400 a month","{""balance"":8500,""apr"":20,""payments"":[200,300,400]}"
611,min_trap,"$5,250 at 19% APR, minimum payments only. Brutal math","{""balance"":5250,""apr"":19,""min_pct"":1,""min_floor"":25}"
612,balance_transfer,"Is a balance transfer worth it? $6,500 test","{""balance"":6500,""apr"":24,""payment"":360,""promo_months"":18,""fee_pct"":3}"
613,min_trap,"Why your $21,000 card balance never goes down","{""balance"":21000,""apr"":29,""min_pct"":1,""min_floor"":25}"
614,payment_ladder,"$17,250 of debt: paying $500, $750 or $1,000 a month?","{""balance"":17250,""apr"":16,""payments"":[500,750,1000]}"
615,min_trap,"Why your $16,750 card balance never goes down","{""balance"":16750,""apr"":18,""min_pct"":1,""min_floor"":25}"
616,payment_ladder,"$6,000 of debt: paying $175, $250 or $350 a month?","{""balance"":6000,""apr"":16,""payments"":[175,250,350]}"
617,apr_gap,"How much a lower APR changes on $10,750","{""balance"":10750,""apr_high"":30,""apr_low"":24,""payment"":280}"
618,utilization,"Your $6,500 balance on a $12,000 limit is hurting your score","{""balance"":6500,""limit"":12000}"
619,extra_payment,"$39,250 at 27%: paying $1,490 vs $1,590 a month","{""balance"":39250,""apr"":27,""payment"":1490,""extra"":100}"
620,snowball_vs_avalanche,"5 debts, $45,800 total. Snowball or Avalanche?","{""debts"":[{""name"":""Card B"",""balance"":14200,""apr"":15,""min"":355},{""name"":""Card A"",""balance"":13000,""apr"":16,""min"":325},{""name"":""Store card"",""balance"":9800,""apr"":21,""min"":245},{""name"":""Card D"",""balance"":6200,""apr"":16,""min"":155},{""name"":""Card C"",""balance"":2600,""apr"":15,""min"":65}],""budget"":1245}"
621,payment_ladder,"Pick your payment: $19,750 at 28% APR","{""balance"":19750,""apr"":28,""payments"":[525,800,1050]}"
622,balance_transfer,"3% fee vs 28% APR: the $16,250 balance transfer test","{""balance"":16250,""apr"":28,""payment"":500,""promo_months"":18,""fee_pct"":3}"
623,apr_gap,"What a 30% APR really costs on $29,000","{""balance"":29000,""apr_high"":30,""apr_low"":22,""payment"":1040}"
624,balance_transfer,"Is a balance transfer worth it? $17,000 test","{""balance"":17000,""apr"":25,""payment"":570,""promo_months"":18,""fee_pct"":5}"
625,utilization,"How much to pay before the statement closes ($1,100 on $2,000)","{""balance"":1100,""limit"":2000}"
626,min_trap,"Why your $7,000 card balance never goes down","{""balance"":7000,""apr"":18,""min_pct"":1,""min_floor"":25}"
627,utilization,79% credit utilization: the payoff math,"{""balance"":7900,""limit"":10000}"
628,extra_payment,"The $50 trick that saves months on $26,500 of debt","{""balance"":26500,""apr"":29,""payment"":870,""extra"":50}"
629,min_trap,"Why your $15,750 card balance never goes down","{""balance"":15750,""apr"":15,""min_pct"":1,""min_floor"":25}"
630,snowball_vs_avalanche,"5 debts, $31,800 total. Snowball or Avalanche?","{""debts"":[{""name"":""Card B"",""balance"":6100,""apr"":20,""min"":150},{""name"":""Personal loan"",""balance"":13700,""apr"":19,""min"":340},{""name"":""Store card"",""balance"":3300,""apr"":20,""min"":80},{""name"":""Card A"",""balance"":5500,""apr"":25,""min"":140},{""name"":""Card D"",""balance"":3200,""apr"":26,""min"":80}],""budget"":940}"
631,utilization,"How much to pay before the statement closes ($3,500 on $4,000)","{""balance"":3500,""limit"":4000}"
632,min_trap,"What the minimum payment really costs on $11,250","{""balance"":11250,""apr"":17,""min_pct"":1,""min_floor"":25}"
633,payment_ladder,"The monthly payment that clears $21,000 fastest","{""balance"":21000,""apr"":21,""payments"":[550,825,1100]}"
634,balance_transfer,"0% for 15 months on $4,000: worth the 4% fee?","{""balance"":4000,""apr"":25,""payment"":230,""promo_months"":15,""fee_pct"":4}"
